,ligand,receptor,annotation
0,ADCYAP1,ADCYAP1R1,Secreted Signaling
1,ADIPOQ,ADIPOR1,Secreted Signaling
2,ADIPOQ,ADIPOR2,Secreted Signaling
3,ADM,CALCR,Secreted Signaling
4,ADM,CALCRL,Secreted Signaling
5,AGT,AGTR1,Secreted Signaling
6,AGT,MAS1,Secreted Signaling
7,AMH,AMHR2,Secreted Signaling
8,AMH,AMHR2,Secreted Signaling
9,ANGPT1,TEK,Secreted Signaling
10,ANGPT2,TEK,Secreted Signaling
11,ANGPTL3,ITGAV,Secreted Signaling
12,ANXA1,FPR1,Secreted Signaling
13,ANXA1,FPR2,Secreted Signaling
14,ANXA1,FPR2,Cell-Cell Contact
15,APLN,APLNR,Secreted Signaling
16,APP,CD74,Cell-Cell Contact
17,AREG,EGFR,Secreted Signaling
18,AREG,EGFR,Secreted Signaling
19,ARTN,GFRA1,Secreted Signaling
20,ARTN,GFRA3,Secreted Signaling
21,AVP,AVPR1A,Secreted Signaling
22,AVP,AVPR1B,Secreted Signaling
23,AVP,AVPR2,Secreted Signaling
24,BDNF,NTRK2,Secreted Signaling
25,BMP10,ACVRL1,Secreted Signaling
26,BMP10,ACVRL1,Secreted Signaling
27,BMP15,BMPR1B,Secreted Signaling
28,BMP2,BMPR1A,Secreted Signaling
29,BMP2,BMPR1A,Secreted Signaling
30,BMP2,BMPR1A,Secreted Signaling
31,BMP2,BMPR1B,Secreted Signaling
32,BMP2,BMPR1B,Secreted Signaling
33,BMP2,BMPR1B,Secreted Signaling
34,BMP4,BMPR1A,Secreted Signaling
35,BMP4,BMPR1A,Secreted Signaling
36,BMP4,BMPR1A,Secreted Signaling
37,BMP4,BMPR1B,Secreted Signaling
38,BMP4,BMPR1B,Secreted Signaling
39,BMP4,BMPR1B,Secreted Signaling
40,BMP5,BMPR1A,Secreted Signaling
41,BMP5,BMPR1A,Secreted Signaling
42,BMP5,BMPR1A,Secreted Signaling
43,BMP5,BMPR1B,Secreted Signaling
44,BMP5,BMPR1B,Secreted Signaling
45,BMP5,BMPR1B,Secreted Signaling
46,BMP6,ACVR1,Secreted Signaling
47,BMP6,ACVR1,Secreted Signaling
48,BMP6,ACVR1,Secreted Signaling
49,BMP6,BMPR1A,Secreted Signaling
50,BMP6,BMPR1A,Secreted Signaling
51,BMP6,BMPR1A,Secreted Signaling
52,BMP6,BMPR1B,Secreted Signaling
53,BMP6,BMPR1B,Secreted Signaling
54,BMP6,BMPR1B,Secreted Signaling
55,BMP7,ACVR1,Secreted Signaling
56,BMP7,ACVR1,Secreted Signaling
57,BMP7,ACVR1,Secreted Signaling
58,BMP7,BMPR1A,Secreted Signaling
59,BMP7,BMPR1A,Secreted Signaling
60,BMP7,BMPR1A,Secreted Signaling
61,BMP7,BMPR1B,Secreted Signaling
62,BMP7,BMPR1B,Secreted Signaling
63,BMP7,BMPR1B,Secreted Signaling
64,BMP8A,BMPR1A,Secreted Signaling
65,BMP8A,BMPR1A,Secreted Signaling
66,BMP8A,BMPR1A,Secreted Signaling
67,BMP8A,BMPR1B,Secreted Signaling
68,BMP8A,BMPR1B,Secreted Signaling
69,BMP8A,BMPR1B,Secreted Signaling
70,BMP8B,BMPR1A,Secreted Signaling
71,BMP8B,BMPR1A,Secreted Signaling
72,BMP8B,BMPR1A,Secreted Signaling
73,BMP8B,BMPR1B,Secreted Signaling
74,BMP8B,BMPR1B,Secreted Signaling
75,BMP8B,BMPR1B,Secreted Signaling
76,BTC,EGFR,Secreted Signaling
77,BTC,EGFR,Secreted Signaling
78,BTC,ERBB2,Secreted Signaling
79,BTC,ERBB4,Secreted Signaling
80,BTLA,TNFRSF14,Secreted Signaling
81,C3,C3AR1,Secreted Signaling
82,C3,ITGAM,Secreted Signaling
83,C3,ITGAX,Secreted Signaling
84,C4A,C3AR1,Secreted Signaling
85,C5,C5AR1,Secreted Signaling
86,CALCA,CALCR,Secreted Signaling
87,CALCA,CALCRL,Secreted Signaling
88,CALCB,CALCR,Secreted Signaling
89,CALCB,CALCRL,Secreted Signaling
90,CCK,CCKAR,Secreted Signaling
91,CCK,CCKBR,Secreted Signaling
92,CCL11,ACKR1,Secreted Signaling
93,CCL11,ACKR2,Secreted Signaling
94,CCL11,CCR3,Secreted Signaling
95,CCL13,ACKR1,Secreted Signaling
96,CCL13,ACKR2,Secreted Signaling
97,CCL13,ACKR4,Secreted Signaling
98,CCL13,CCR1,Secreted Signaling
99,CCL14,ACKR1,Secreted Signaling
100,CCL14,ACKR2,Secreted Signaling
101,CCL14,CCR1,Secreted Signaling
102,CCL15,CCR1,Secreted Signaling
103,CCL16,CCR1,Secreted Signaling
104,CCL17,ACKR1,Secreted Signaling
105,CCL17,ACKR1,Secreted Signaling
106,CCL17,ACKR2,Secreted Signaling
107,CCL17,CCR4,Secreted Signaling
108,CCL19,ACKR4,Secreted Signaling
109,CCL19,CCR7,Secreted Signaling
110,CCL1,CCR8,Secreted Signaling
111,CCL20,CCR6,Secreted Signaling
112,CCL21,ACKR4,Secreted Signaling
113,CCL21,CCR7,Secreted Signaling
114,CCL22,ACKR2,Secreted Signaling
115,CCL22,CCR4,Secreted Signaling
116,CCL23,CCR1,Secreted Signaling
117,CCL24,ACKR2,Secreted Signaling
118,CCL24,CCR3,Secreted Signaling
119,CCL25,ACKR4,Secreted Signaling
120,CCL25,CCR9,Secreted Signaling
121,CCL26,CCR3,Secreted Signaling
122,CCL27,CCR10,Secreted Signaling
123,CCL28,CCR10,Secreted Signaling
124,CCL28,CCR3,Secreted Signaling
125,CCL2,ACKR1,Secreted Signaling
126,CCL2,ACKR1,Secreted Signaling
127,CCL2,ACKR2,Secreted Signaling
128,CCL2,CCR2,Secreted Signaling
129,CCL3L1,ACKR2,Secreted Signaling
130,CCL3L1,CCR1,Secreted Signaling
131,CCL3,ACKR2,Secreted Signaling
132,CCL3,CCR1,Secreted Signaling
133,CCL3,CCR5,Secreted Signaling
134,CCL4,ACKR2,Secreted Signaling
135,CCL4,CCR5,Secreted Signaling
136,CCL5,ACKR1,Secreted Signaling
137,CCL5,ACKR1,Secreted Signaling
138,CCL5,ACKR2,Secreted Signaling
139,CCL5,CCR1,Secreted Signaling
140,CCL5,CCR3,Secreted Signaling
141,CCL5,CCR4,Secreted Signaling
142,CCL5,CCR5,Secreted Signaling
143,CCL7,ACKR1,Secreted Signaling
144,CCL7,ACKR1,Secreted Signaling
145,CCL7,ACKR2,Secreted Signaling
146,CCL7,CCR1,Secreted Signaling
147,CCL7,CCR2,Secreted Signaling
148,CCL7,CCR3,Secreted Signaling
149,CCL8,ACKR2,Secreted Signaling
150,CCL8,ACKR4,Secreted Signaling
151,CCL8,CCR1,Secreted Signaling
152,CCL8,CCR2,Secreted Signaling
153,CCL8,ACKR1,Secreted Signaling
154,CD274,PDCD1,Cell-Cell Contact
155,CD34,SELP,Cell-Cell Contact
156,CD40LG,CD40,Cell-Cell Contact
157,CD40LG,ITGAM,Secreted Signaling
158,CD70,CD27,Secreted Signaling
159,CD80,CD28,Cell-Cell Contact
160,CD80,CTLA4,Cell-Cell Contact
161,CD86,CD28,Cell-Cell Contact
162,CD86,CTLA4,Cell-Cell Contact
163,CDH1,ITGAE,Cell-Cell Contact
164,CDH1,KLRG1,Cell-Cell Contact
165,CGA,FSHR,Secreted Signaling
166,CGA,LHCGR,Secreted Signaling
167,CGA,TSHR,Secreted Signaling
168,CHAD,ITGA2,ECM-Receptor
169,CLCF1,CNTFR,Secreted Signaling
170,CNTF,CNTFR,Secreted Signaling
171,COL1A1,CD44,ECM-Receptor
172,COL1A1,ITGA1,ECM-Receptor
173,COL1A1,ITGA11,ECM-Receptor
174,COL1A1,ITGA2,ECM-Receptor
175,COL1A1,ITGAV,ECM-Receptor
176,COL1A2,CD44,ECM-Receptor
177,COL1A2,ITGA1,ECM-Receptor
178,COL1A2,ITGA11,ECM-Receptor
179,COL1A2,ITGA2,ECM-Receptor
180,COL1A2,ITGAV,ECM-Receptor
181,COL2A1,ITGA1,ECM-Receptor
182,COL2A1,ITGA10,ECM-Receptor
183,COL2A1,ITGA2,ECM-Receptor
184,COL4A1,ITGA1,ECM-Receptor
185,COL4A1,ITGA2,ECM-Receptor
186,COL4A1,ITGAV,ECM-Receptor
187,COL4A3,ITGA1,ECM-Receptor
188,COL4A3,ITGA2,ECM-Receptor
189,COL4A3,ITGA3,ECM-Receptor
190,COL4A3,ITGAV,ECM-Receptor
191,COL4A4,ITGA1,ECM-Receptor
192,COL4A4,ITGA2,ECM-Receptor
193,COL4A4,ITGAV,ECM-Receptor
194,COL4A5,ITGA1,ECM-Receptor
195,COL4A5,ITGA2,ECM-Receptor
196,COL4A5,ITGAV,ECM-Receptor
197,COL4A6,ITGA1,ECM-Receptor
198,COL4A6,ITGA2,ECM-Receptor
199,COL4A6,ITGAV,ECM-Receptor
200,COL6A1,ITGA1,ECM-Receptor
201,COL6A1,ITGA2,ECM-Receptor
202,COL6A2,ITGA1,ECM-Receptor
203,COL6A2,ITGA2,ECM-Receptor
204,COL6A3,ITGA1,ECM-Receptor
205,COL6A3,ITGA2,ECM-Receptor
206,CORT,SSTR1,Secreted Signaling
207,CORT,SSTR2,Secreted Signaling
208,CORT,SSTR3,Secreted Signaling
209,CORT,SSTR4,Secreted Signaling
210,CORT,SSTR5,Secreted Signaling
211,CRH,CRHR1,Secreted Signaling
212,CRH,CRHR2,Secreted Signaling
213,CSF1,CSF1R,Secreted Signaling
214,CSF2,CSF2RA,Secreted Signaling
215,CSF3,CSF3R,Secreted Signaling
216,CTF1,LIFR,Secreted Signaling
217,CX3CL1,CX3CR1,Secreted Signaling
218,CXCL10,CXCR3,Secreted Signaling
219,CXCL11,ACKR1,Secreted Signaling
220,CXCL11,ACKR3,Secreted Signaling
221,CXCL11,CXCR3,Secreted Signaling
222,CXCL12,ACKR3,Secreted Signaling
223,CXCL12,CXCR4,Secreted Signaling
224,CXCL13,CXCR3,Secreted Signaling
225,CXCL13,CXCR5,Secreted Signaling
226,CXCL16,CXCR6,Secreted Signaling
227,CXCL1,ACKR1,Secreted Signaling
228,CXCL1,ACKR1,Secreted Signaling
229,CXCL1,CXCR1,Secreted Signaling
230,CXCL1,CXCR2,Secreted Signaling
231,CXCL2,CXCR1,Secreted Signaling
232,CXCL2,CXCR2,Secreted Signaling
233,CXCL3,CXCR1,Secreted Signaling
234,CXCL3,CXCR2,Secreted Signaling
235,CXCL5,ACKR1,Secreted Signaling
236,CXCL5,ACKR1,Secreted Signaling
237,CXCL5,CXCR1,Secreted Signaling
238,CXCL5,CXCR2,Secreted Signaling
239,CXCL6,ACKR1,Secreted Signaling
240,CXCL6,CXCR1,Secreted Signaling
241,CXCL6,CXCR2,Secreted Signaling
242,CXCL8,ACKR1,Secreted Signaling
243,CXCL8,CXCR1,Secreted Signaling
244,CXCL8,CXCR2,Secreted Signaling
245,CXCL9,CXCR3,Secreted Signaling
246,DHH,PTCH1,Secreted Signaling
247,DHH,PTCH2,Secreted Signaling
248,DLL1,NOTCH1,Cell-Cell Contact
249,DLL1,NOTCH2,Cell-Cell Contact
250,DLL1,NOTCH3,Cell-Cell Contact
251,DLL1,NOTCH4,Cell-Cell Contact
252,DLL4,NOTCH1,Cell-Cell Contact
253,DLL4,NOTCH4,Cell-Cell Contact
254,EDA,EDA2R,Secreted Signaling
255,EDA,EDAR,Secreted Signaling
256,EDN1,EDNRA,Secreted Signaling
257,EDN1,EDNRB,Secreted Signaling
258,EDN2,EDNRA,Secreted Signaling
259,EDN2,EDNRB,Secreted Signaling
260,EDN3,EDNRA,Secreted Signaling
261,EDN3,EDNRB,Secreted Signaling
262,EFNA1,EPHA1,Cell-Cell Contact
263,EFNA1,EPHA2,Cell-Cell Contact
264,EFNA1,EPHA3,Cell-Cell Contact
265,EFNA1,EPHA4,Cell-Cell Contact
266,EFNA1,EPHA5,Cell-Cell Contact
267,EFNA1,EPHA7,Cell-Cell Contact
268,EFNA1,EPHA8,Cell-Cell Contact
269,EFNA2,EPHA1,Cell-Cell Contact
270,EFNA2,EPHA2,Cell-Cell Contact
271,EFNA2,EPHA3,Cell-Cell Contact
272,EFNA2,EPHA4,Cell-Cell Contact
273,EFNA2,EPHA5,Cell-Cell Contact
274,EFNA2,EPHA7,Cell-Cell Contact
275,EFNA2,EPHA8,Cell-Cell Contact
276,EFNA3,EPHA1,Cell-Cell Contact
277,EFNA3,EPHA2,Cell-Cell Contact
278,EFNA3,EPHA3,Cell-Cell Contact
279,EFNA3,EPHA4,Cell-Cell Contact
280,EFNA3,EPHA5,Cell-Cell Contact
281,EFNA3,EPHA7,Cell-Cell Contact
282,EFNA3,EPHA8,Cell-Cell Contact
283,EFNA4,EPHA1,Cell-Cell Contact
284,EFNA4,EPHA2,Cell-Cell Contact
285,EFNA4,EPHA3,Cell-Cell Contact
286,EFNA4,EPHA4,Cell-Cell Contact
287,EFNA4,EPHA5,Cell-Cell Contact
288,EFNA4,EPHA7,Cell-Cell Contact
289,EFNA4,EPHA8,Cell-Cell Contact
290,EFNA5,EPHA1,Cell-Cell Contact
291,EFNA5,EPHA2,Cell-Cell Contact
292,EFNA5,EPHA3,Cell-Cell Contact
293,EFNA5,EPHA4,Cell-Cell Contact
294,EFNA5,EPHA5,Cell-Cell Contact
295,EFNA5,EPHA7,Cell-Cell Contact
296,EFNA5,EPHA8,Cell-Cell Contact
297,EFNA5,EPHB2,Cell-Cell Contact
298,EFNB1,EPHB1,Cell-Cell Contact
299,EFNB1,EPHB2,Cell-Cell Contact
300,EFNB1,EPHB3,Cell-Cell Contact
301,EFNB1,EPHB4,Cell-Cell Contact
302,EFNB2,EPHA4,Cell-Cell Contact
303,EFNB2,EPHB1,Cell-Cell Contact
304,EFNB2,EPHB2,Cell-Cell Contact
305,EFNB2,EPHB3,Cell-Cell Contact
306,EFNB2,EPHB4,Cell-Cell Contact
307,EFNB3,EPHA4,Cell-Cell Contact
308,EFNB3,EPHB1,Cell-Cell Contact
309,EFNB3,EPHB2,Cell-Cell Contact
310,EFNB3,EPHB3,Cell-Cell Contact
311,EFNB3,EPHB4,Cell-Cell Contact
312,EFNB3,EPHB6,Cell-Cell Contact
313,EGF,EGFR,Secreted Signaling
314,EGF,EGFR,Secreted Signaling
315,EPGN,EGFR,Cell-Cell Contact
316,EPO,EPOR,Secreted Signaling
317,EREG,EGFR,Secreted Signaling
318,EREG,EGFR,Secreted Signaling
319,EREG,ERBB2,Secreted Signaling
320,EREG,ERBB4,Secreted Signaling
321,F2,F2R,Secreted Signaling
322,F2,F2RL1,Secreted Signaling
323,F2,F2RL2,Secreted Signaling
324,F2,F2RL3,Secreted Signaling
325,FASLG,FAS,Secreted Signaling
326,FGF10,FGFR1,Secreted Signaling
327,FGF10,FGFR2,Secreted Signaling
328,FGF16,FGFR1,Secreted Signaling
329,FGF16,FGFR2,Secreted Signaling
330,FGF16,FGFR3,Secreted Signaling
331,FGF16,FGFR4,Secreted Signaling
332,FGF17,FGFR1,Secreted Signaling
333,FGF17,FGFR2,Secreted Signaling
334,FGF17,FGFR3,Secreted Signaling
335,FGF17,FGFR4,Secreted Signaling
336,FGF18,FGFR1,Secreted Signaling
337,FGF18,FGFR2,Secreted Signaling
338,FGF18,FGFR3,Secreted Signaling
339,FGF18,FGFR4,Secreted Signaling
340,FGF19,FGFR1,Secreted Signaling
341,FGF19,FGFR2,Secreted Signaling
342,FGF19,FGFR3,Secreted Signaling
343,FGF19,FGFR4,Secreted Signaling
344,FGF1,FGFR1,Secreted Signaling
345,FGF1,FGFR2,Secreted Signaling
346,FGF1,FGFR3,Secreted Signaling
347,FGF1,FGFR4,Secreted Signaling
348,FGF20,FGFR1,Secreted Signaling
349,FGF20,FGFR2,Secreted Signaling
350,FGF20,FGFR3,Secreted Signaling
351,FGF20,FGFR4,Secreted Signaling
352,FGF21,FGFR1,Secreted Signaling
353,FGF21,FGFR3,Secreted Signaling
354,FGF22,FGFR2,Secreted Signaling
355,FGF23,FGFR1,Secreted Signaling
356,FGF23,FGFR3,Secreted Signaling
357,FGF23,FGFR4,Secreted Signaling
358,FGF2,FGFR1,Secreted Signaling
359,FGF2,FGFR2,Secreted Signaling
360,FGF2,FGFR3,Secreted Signaling
361,FGF2,FGFR4,Secreted Signaling
362,FGF3,FGFR1,Secreted Signaling
363,FGF3,FGFR2,Secreted Signaling
364,FGF4,FGFR1,Secreted Signaling
365,FGF4,FGFR2,Secreted Signaling
366,FGF4,FGFR3,Secreted Signaling
367,FGF4,FGFR4,Secreted Signaling
368,FGF5,FGFR1,Secreted Signaling
369,FGF5,FGFR2,Secreted Signaling
370,FGF5,FGFR3,Secreted Signaling
371,FGF5,FGFR4,Secreted Signaling
372,FGF6,FGFR1,Secreted Signaling
373,FGF6,FGFR2,Secreted Signaling
374,FGF6,FGFR3,Secreted Signaling
375,FGF6,FGFR4,Secreted Signaling
376,FGF7,FGFR1,Secreted Signaling
377,FGF7,FGFR2,Secreted Signaling
378,FGF8,FGFR1,Secreted Signaling
379,FGF8,FGFR2,Secreted Signaling
380,FGF8,FGFR3,Secreted Signaling
381,FGF8,FGFR4,Secreted Signaling
382,FGF9,FGFR1,Secreted Signaling
383,FGF9,FGFR2,Secreted Signaling
384,FGF9,FGFR3,Secreted Signaling
385,FGF9,FGFR4,Secreted Signaling
386,FLT3LG,FLT3,Secreted Signaling
387,FN1,CD44,ECM-Receptor
388,FN1,ITGA2B,ECM-Receptor
389,FN1,ITGA3,ECM-Receptor
390,FN1,ITGA4,ECM-Receptor
391,FN1,ITGA4,ECM-Receptor
392,FN1,ITGA5,ECM-Receptor
393,FN1,ITGA8,ECM-Receptor
394,FN1,ITGAV,ECM-Receptor
395,FN1,ITGAV,ECM-Receptor
396,FN1,ITGAV,ECM-Receptor
397,FN1,ITGAV,ECM-Receptor
398,FSHB,FSHR,Secreted Signaling
399,GALP,GALR1,Secreted Signaling
400,GALP,GALR2,Secreted Signaling
401,GAL,GALR1,Secreted Signaling
402,GAL,GALR2,Secreted Signaling
403,GAL,GALR3,Secreted Signaling
404,GAS6,AXL,Secreted Signaling
405,GAS6,MERTK,Secreted Signaling
406,GAS6,TYRO3,Secreted Signaling
407,GCG,GCGR,Secreted Signaling
408,GCG,GLP1R,Secreted Signaling
409,GCG,GLP2R,Secreted Signaling
410,GDF10,ACVR1B,Secreted Signaling
411,GDF11,ACVR1B,Secreted Signaling
412,GDF2,ACVRL1,Secreted Signaling
413,GDF2,ACVRL1,Secreted Signaling
414,GDF5,BMPR1A,Secreted Signaling
415,GDF5,BMPR1A,Secreted Signaling
416,GDF5,BMPR1A,Secreted Signaling
417,GDF5,BMPR1B,Secreted Signaling
418,GDF5,BMPR1B,Secreted Signaling
419,GDF5,BMPR1B,Secreted Signaling
420,GDF6,BMPR1A,Secreted Signaling
421,GDF6,BMPR1A,Secreted Signaling
422,GDF6,BMPR1A,Secreted Signaling
423,GDF6,BMPR1B,Secreted Signaling
424,GDF6,BMPR1B,Secreted Signaling
425,GDF6,BMPR1B,Secreted Signaling
426,GDF7,BMPR1A,Secreted Signaling
427,GDF7,BMPR1A,Secreted Signaling
428,GDF7,BMPR1A,Secreted Signaling
429,GDNF,GFRA1,Secreted Signaling
430,GH1,GHR,Secreted Signaling
431,GH1,GHR,Secreted Signaling
432,GH1,PRLR,Secreted Signaling
433,GHRH,GHRHR,Secreted Signaling
434,GHRH,VIPR1,Secreted Signaling
435,GHRL,GHSR,Secreted Signaling
436,GIP,GIPR,Secreted Signaling
437,GNRH1,GNRHR,Secreted Signaling
438,GRP,GRPR,Secreted Signaling
439,GUCA2A,GUCY2C,Secreted Signaling
440,GUCA2B,GUCY2C,Secreted Signaling
441,HBEGF,EGFR,Secreted Signaling
442,HBEGF,EGFR,Secreted Signaling
443,HBEGF,ERBB2,Secreted Signaling
444,HBEGF,ERBB4,Secreted Signaling
445,HCRT,HCRTR1,Secreted Signaling
446,HCRT,HCRTR2,Secreted Signaling
447,HGF,MET,Secreted Signaling
448,HLA-A,KIR3DL1,Cell-Cell Contact
449,HLA-C,KIR2DL1,Cell-Cell Contact
450,HLA-C,KIR2DL3,Cell-Cell Contact
451,HLA-C,KIR2DS4,Cell-Cell Contact
452,HLA-E,KLRC1,Cell-Cell Contact
453,HLA-E,KLRC2,Cell-Cell Contact
454,HLA-G,LILRB1,Cell-Cell Contact
455,HLA-G,LILRB2,Cell-Cell Contact
456,IAPP,CALCR,Secreted Signaling
457,IBSP,ITGAV,ECM-Receptor
458,IBSP,ITGAV,ECM-Receptor
459,ICAM1,ITGAL,Cell-Cell Contact
460,ICAM1,ITGAL,Cell-Cell Contact
461,ICAM1,ITGAM,Cell-Cell Contact
462,ICAM1,ITGAX,Cell-Cell Contact
463,ICAM2,ITGAL,Cell-Cell Contact
464,ICAM2,ITGAM,Cell-Cell Contact
465,ICOSLG,ICOS,Cell-Cell Contact
466,IFNA10,IFNAR1,Secreted Signaling
467,IFNA14,IFNAR1,Secreted Signaling
468,IFNA16,IFNAR1,Secreted Signaling
469,IFNA17,IFNAR1,Secreted Signaling
470,IFNA1,IFNAR1,Secreted Signaling
471,IFNA21,IFNAR1,Secreted Signaling
472,IFNA2,IFNAR1,Secreted Signaling
473,IFNA4,IFNAR1,Secreted Signaling
474,IFNA5,IFNAR1,Secreted Signaling
475,IFNA6,IFNAR1,Secreted Signaling
476,IFNA7,IFNAR1,Secreted Signaling
477,IFNA8,IFNAR1,Secreted Signaling
478,IFNB1,IFNAR1,Secreted Signaling
479,IFNE,IFNAR1,Secreted Signaling
480,IFNG,IFNGR1,Secreted Signaling
481,IFNW1,IFNAR1,Secreted Signaling
482,IGF1,IGF1R,Secreted Signaling
483,IGF2,IGF1R,Secreted Signaling
484,IGF2,IGF2R,Secreted Signaling
485,IGFL3,IGFLR1,Secreted Signaling
486,IHH,PTCH1,Secreted Signaling
487,IHH,PTCH2,Secreted Signaling
488,IL10,IL10RA,Secreted Signaling
489,IL13,IL13RA1,Secreted Signaling
490,IL13,IL13RA2,Secreted Signaling
491,IL13,IL4R,Secreted Signaling
492,IL13,IL4R,Secreted Signaling
493,IL15,IL15RA,Secreted Signaling
494,IL16,CD4,Secreted Signaling
495,IL17A,IL17RA,Secreted Signaling
496,IL17B,IL17RB,Secreted Signaling
497,IL17F,IL17RA,Secreted Signaling
498,IL18,IL18R1,Secreted Signaling
499,IL19,IL20RA,Secreted Signaling
500,IL1A,IL1R1,Secreted Signaling
501,IL1A,IL1R2,Secreted Signaling
502,IL1B,IL1R1,Secreted Signaling
503,IL1B,IL1R2,Secreted Signaling
504,IL1F10,IL1RL2,Secreted Signaling
505,IL20,IL20RA,Secreted Signaling
506,IL20,IL22RA1,Secreted Signaling
507,IL21,IL21R,Secreted Signaling
508,IL22,IL22RA1,Secreted Signaling
509,IL24,IL20RA,Secreted Signaling
510,IL24,IL22RA1,Secreted Signaling
511,IL26,IL20RA,Secreted Signaling
512,IL2,IL2RB,Secreted Signaling
513,IL31,IL31RA,Secreted Signaling
514,IL33,IL1RL1,Secreted Signaling
515,IL34,CSF1R,Secreted Signaling
516,IL36A,IL1RL2,Secreted Signaling
517,IL36B,IL1RL2,Secreted Signaling
518,IL36G,IL1RL2,Secreted Signaling
519,IL3,IL3RA,Secreted Signaling
520,IL4,IL4R,Secreted Signaling
521,IL4,IL4R,Secreted Signaling
522,IL4,IL4R,Secreted Signaling
523,IL4,IL4R,Secreted Signaling
524,IL5,IL5RA,Secreted Signaling
525,IL6,IL6R,Secreted Signaling
526,IL7,IL7R,Secreted Signaling
527,IL9,IL9R,Secreted Signaling
528,INHBA,ACVR1B,Secreted Signaling
529,INHBA,ACVR1B,Secreted Signaling
530,INHBB,ACVR1B,Secreted Signaling
531,INHBB,ACVR1B,Secreted Signaling
532,INHBB,ACVR1C,Secreted Signaling
533,INHBB,ACVR1C,Secreted Signaling
534,INHBC,ACVR1B,Secreted Signaling
535,INHBC,ACVR1B,Secreted Signaling
536,INSL3,RXFP2,Secreted Signaling
537,INSL5,RXFP3,Secreted Signaling
538,INSL5,RXFP4,Secreted Signaling
539,INS,INSR,Secreted Signaling
540,JAG1,NOTCH1,Cell-Cell Contact
541,JAG1,NOTCH2,Cell-Cell Contact
542,JAG1,NOTCH3,Cell-Cell Contact
543,JAG1,NOTCH4,Cell-Cell Contact
544,JAG2,NOTCH1,Cell-Cell Contact
545,JAG2,NOTCH2,Cell-Cell Contact
546,JAG2,NOTCH3,Cell-Cell Contact
547,JAG2,NOTCH4,Cell-Cell Contact
548,KISS1,KISS1R,Secreted Signaling
549,KITLG,KIT,Secreted Signaling
550,KNG1,BDKRB1,Secreted Signaling
551,KNG1,BDKRB2,Secreted Signaling
552,L1CAM,ITGAV,Cell-Cell Contact
553,LAMA1,ITGA1,ECM-Receptor
554,LAMA1,ITGA2,ECM-Receptor
555,LAMA1,ITGA3,ECM-Receptor
556,LAMA1,ITGA6,ECM-Receptor
557,LAMA1,ITGA6,ECM-Receptor
558,LAMA1,ITGA7,ECM-Receptor
559,LAMA2,ITGA1,ECM-Receptor
560,LAMA2,ITGA2,ECM-Receptor
561,LAMA2,ITGA3,ECM-Receptor
562,LAMA2,ITGA6,ECM-Receptor
563,LAMA2,ITGA6,ECM-Receptor
564,LAMA2,ITGA7,ECM-Receptor
565,LAMA3,ITGA3,ECM-Receptor
566,LAMA4,ITGA3,ECM-Receptor
567,LAMA4,ITGA6,ECM-Receptor
568,LAMA4,ITGA6,ECM-Receptor
569,LAMA4,ITGAV,ECM-Receptor
570,LAMA5,ITGA2,ECM-Receptor
571,LAMA5,ITGA3,ECM-Receptor
572,LAMA5,ITGA6,ECM-Receptor
573,LAMA5,ITGA6,ECM-Receptor
574,LAMB1,ITGA1,ECM-Receptor
575,LAMB1,ITGA2,ECM-Receptor
576,LAMB1,ITGA3,ECM-Receptor
577,LAMB1,ITGA6,ECM-Receptor
578,LAMB1,ITGA6,ECM-Receptor
579,LAMB1,ITGA7,ECM-Receptor
580,LAMB1,ITGAV,ECM-Receptor
581,LAMB2,ITGA3,ECM-Receptor
582,LAMB3,ITGA2,ECM-Receptor
583,LAMB3,ITGA3,ECM-Receptor
584,LAMB3,ITGA6,ECM-Receptor
585,LAMB3,ITGA6,ECM-Receptor
586,LAMC1,ITGA1,ECM-Receptor
587,LAMC1,ITGA2,ECM-Receptor
588,LAMC1,ITGA3,ECM-Receptor
589,LAMC1,ITGA6,ECM-Receptor
590,LAMC1,ITGA6,ECM-Receptor
591,LAMC1,ITGA7,ECM-Receptor
592,LAMC1,ITGAV,ECM-Receptor
593,LAMC2,ITGA2,ECM-Receptor
594,LAMC2,ITGA3,ECM-Receptor
595,LAMC2,ITGA6,ECM-Receptor
596,LAMC2,ITGA6,ECM-Receptor
597,LAMC3,ITGA2,ECM-Receptor
598,LAMC3,ITGA3,ECM-Receptor
599,LAMC3,ITGA6,ECM-Receptor
600,LAMC3,ITGA6,ECM-Receptor
601,LEP,LEPR,Secreted Signaling
602,LGALS9,HAVCR2,Secreted Signaling
603,LHB,LHCGR,Secreted Signaling
604,LIF,LIFR,Secreted Signaling
605,LTA,TNFRSF14,Secreted Signaling
606,LTA,TNFRSF1A,Secreted Signaling
607,LTA,TNFRSF1B,Secreted Signaling
608,MADCAM1,ITGA4,Cell-Cell Contact
609,MDK,ALK,Secreted Signaling
610,MDK,ITGA4,Secreted Signaling
611,MDK,ITGA6,Secreted Signaling
612,MDK,LRP1,Secreted Signaling
613,MDK,PTPRZ1,Secreted Signaling
614,MDK,SDC1,Secreted Signaling
615,MDK,SDC4,Secreted Signaling
616,NAMPT,INSR,Secreted Signaling
617,NCAM1,FGFR1,Cell-Cell Contact
618,NECTIN2,CD226,Cell-Cell Contact
619,NECTIN3,TIGIT,Cell-Cell Contact
620,NGF,NGFR,Secreted Signaling
621,NGF,NTRK1,Secreted Signaling
622,NMB,NMBR,Secreted Signaling
623,NMS,NMUR1,Secreted Signaling
624,NMS,NMUR2,Secreted Signaling
625,NMU,NMUR1,Secreted Signaling
626,NMU,NMUR2,Secreted Signaling
627,NPB,NPBWR1,Secreted Signaling
628,NPFF,NPFFR1,Secreted Signaling
629,NPFF,NPFFR2,Secreted Signaling
630,NPPA,NPR1,Secreted Signaling
631,NPPB,NPR1,Secreted Signaling
632,NPPC,NPR2,Secreted Signaling
633,NPS,NPSR1,Secreted Signaling
634,NPVF,NPFFR1,Secreted Signaling
635,NPVF,NPFFR2,Secreted Signaling
636,NPW,NPBWR1,Secreted Signaling
637,NPY,NPY1R,Secreted Signaling
638,NPY,NPY2R,Secreted Signaling
639,NPY,NPY4R,Secreted Signaling
640,NPY,NPY5R,Secreted Signaling
641,NRG1,ERBB2,Secreted Signaling
642,NRG1,ERBB2,Secreted Signaling
643,NRG1,ERBB3,Secreted Signaling
644,NRG1,ERBB4,Secreted Signaling
645,NRG2,ERBB2,Secreted Signaling
646,NRG2,ERBB2,Secreted Signaling
647,NRG2,ERBB3,Secreted Signaling
648,NRG2,ERBB4,Secreted Signaling
649,NRG3,ERBB2,Secreted Signaling
650,NRG3,ERBB4,Secreted Signaling
651,NRG4,ERBB2,Secreted Signaling
652,NRG4,ERBB4,Secreted Signaling
653,NRTN,GFRA2,Secreted Signaling
654,NTF3,NTRK1,Secreted Signaling
655,NTF3,NTRK2,Secreted Signaling
656,NTF3,NTRK3,Secreted Signaling
657,NTF4,NTRK2,Secreted Signaling
658,NTS,NTSR1,Secreted Signaling
659,NTS,NTSR2,Secreted Signaling
660,OSM,LIFR,Secreted Signaling
661,OSM,OSMR,Secreted Signaling
662,OSTN,NPR3,Secreted Signaling
663,OXT,OXTR,Secreted Signaling
664,PDGFA,PDGFRA,Secreted Signaling
665,PDGFA,PDGFRB,Secreted Signaling
666,PDGFB,PDGFRA,Secreted Signaling
667,PDGFB,PDGFRB,Secreted Signaling
668,PDGFC,PDGFRA,Secreted Signaling
669,PDGFD,PDGFRB,Secreted Signaling
670,PDYN,OPRD1,Secreted Signaling
671,PDYN,OPRK1,Secreted Signaling
672,PDYN,OPRM1,Secreted Signaling
673,PENK,OPRD1,Secreted Signaling
674,PENK,OPRK1,Secreted Signaling
675,PENK,OPRM1,Secreted Signaling
676,PF4,CXCR3,Secreted Signaling
677,PGF,FLT1,Secreted Signaling
678,PLG,F2R,Secreted Signaling
679,PLG,F2RL1,Secreted Signaling
680,SEMA4A,PLXNB1,Cell-Cell Contact
681,SEMA4A,PLXNB2,Cell-Cell Contact
682,SEMA4A,PLXNB3,Cell-Cell Contact
683,PMCH,MCHR1,Secreted Signaling
684,POMC,MC1R,Secreted Signaling
685,POMC,MC2R,Secreted Signaling
686,POMC,MC3R,Secreted Signaling
687,POMC,MC4R,Secreted Signaling
688,POMC,MC5R,Secreted Signaling
689,POMC,OPRD1,Secreted Signaling
690,POMC,OPRK1,Secreted Signaling
691,POMC,OPRM1,Secreted Signaling
692,PPBP,CXCR2,Secreted Signaling
693,PPY,NPY1R,Secreted Signaling
694,PPY,NPY2R,Secreted Signaling
695,PPY,NPY4R,Secreted Signaling
696,PPY,NPY5R,Secreted Signaling
697,PRLH,PRLHR,Secreted Signaling
698,PRL,PRLR,Secreted Signaling
699,PROK1,PROKR1,Secreted Signaling
700,PROK1,PROKR2,Secreted Signaling
701,PROK2,PROKR1,Secreted Signaling
702,PROK2,PROKR2,Secreted Signaling
703,PROS1,AXL,Secreted Signaling
704,PROS1,TYRO3,Secreted Signaling
705,PSAP,GPR37,Secreted Signaling
706,PSAP,GPR37L1,Secreted Signaling
707,PSPN,GFRA4,Secreted Signaling
708,PTH2,PTH1R,Secreted Signaling
709,PTH2,PTH2R,Secreted Signaling
710,PTHLH,PTH1R,Secreted Signaling
711,PTH,PTH1R,Secreted Signaling
712,PTH,PTH2R,Secreted Signaling
713,PTN,ALK,Secreted Signaling
714,PTN,PTPRZ1,Secreted Signaling
715,PTN,SDC1,Secreted Signaling
716,PTN,SDC3,Secreted Signaling
717,PVR,CD226,Cell-Cell Contact
718,PVR,TIGIT,Cell-Cell Contact
719,PYY,NPY1R,Secreted Signaling
720,PYY,NPY2R,Secreted Signaling
721,PYY,NPY4R,Secreted Signaling
722,PYY,NPY5R,Secreted Signaling
723,QRFP,QRFPR,Secreted Signaling
724,RAET1E,KLRK1,Cell-Cell Contact
725,RARRES2,CMKLR1,Secreted Signaling
726,RARRES2,GPR1,Secreted Signaling
727,RELN,ITGA3,ECM-Receptor
728,RLN1,RXFP1,Secreted Signaling
729,RLN1,RXFP2,Secreted Signaling
730,RLN3,RXFP1,Secreted Signaling
731,RLN3,RXFP2,Secreted Signaling
732,RLN3,RXFP4,Secreted Signaling
733,SAA1,FPR2,Secreted Signaling
734,SCGB3A2,MARCO,Secreted Signaling
735,SCT,SCTR,Secreted Signaling
736,SELPLG,SELE,Cell-Cell Contact
737,SELPLG,SELL,Cell-Cell Contact
738,SELPLG,SELP,Cell-Cell Contact
739,SEMA3A,NRP1,Secreted Signaling
740,SEMA3A,NRP1,Secreted Signaling
741,SEMA3A,NRP1,Secreted Signaling
742,SEMA3A,NRP1,Secreted Signaling
743,SEMA3B,NRP1,Secreted Signaling
744,SEMA3B,NRP1,Secreted Signaling
745,SEMA3B,NRP1,Secreted Signaling
746,SEMA3B,NRP1,Secreted Signaling
747,SEMA3B,NRP2,Secreted Signaling
748,SEMA3B,NRP2,Secreted Signaling
749,SEMA3B,NRP2,Secreted Signaling
750,SEMA3B,NRP2,Secreted Signaling
751,SEMA3C,NRP1,Secreted Signaling
752,SEMA3C,NRP1,Secreted Signaling
753,SEMA3C,NRP1,Secreted Signaling
754,SEMA3C,NRP1,Secreted Signaling
755,SEMA3C,NRP1,Secreted Signaling
756,SEMA3C,NRP2,Secreted Signaling
757,SEMA3C,NRP2,Secreted Signaling
758,SEMA3C,NRP2,Secreted Signaling
759,SEMA3C,NRP2,Secreted Signaling
760,SEMA3C,PLXND1,Secreted Signaling
761,SEMA3D,NRP1,Secreted Signaling
762,SEMA3D,NRP1,Secreted Signaling
763,SEMA3D,NRP1,Secreted Signaling
764,SEMA3D,NRP1,Secreted Signaling
765,SEMA3E,PLXND1,Secreted Signaling
766,SEMA3F,NRP2,Secreted Signaling
767,SEMA3F,NRP2,Secreted Signaling
768,SEMA3F,NRP2,Secreted Signaling
769,SEMA3F,NRP2,Secreted Signaling
770,SEMA3G,NRP2,Secreted Signaling
771,SEMA3G,NRP2,Secreted Signaling
772,SEMA3G,NRP2,Secreted Signaling
773,SEMA3G,NRP2,Secreted Signaling
774,SEMA4C,PLXNB2,Cell-Cell Contact
775,SEMA4D,CD72,Cell-Cell Contact
776,SEMA4D,PLXNB1,Cell-Cell Contact
777,SEMA4D,PLXNB2,Cell-Cell Contact
778,SEMA4G,PLXNB2,Cell-Cell Contact
779,SEMA5A,PLXNB3,Cell-Cell Contact
780,SEMA6A,PLXNA2,Cell-Cell Contact
781,SEMA6A,PLXNA4,Cell-Cell Contact
782,SEMA6D,PLXNA1,Cell-Cell Contact
783,SEMA6D,PLXNA1,Cell-Cell Contact
784,SEMA6D,PLXNA1,Cell-Cell Contact
785,SEMA7A,ITGB1,Cell-Cell Contact
786,SEMA7A,PLXNC1,Cell-Cell Contact
787,SHH,PTCH1,Secreted Signaling
788,SHH,PTCH2,Secreted Signaling
789,SPP1,CD44,Secreted Signaling
790,SPP1,ITGA4,Secreted Signaling
791,SPP1,ITGA5,Secreted Signaling
792,SPP1,ITGA9,Secreted Signaling
793,SPP1,ITGAV,Secreted Signaling
794,SPP1,ITGAV,Secreted Signaling
795,SPP1,ITGAV,Secreted Signaling
796,SPP1,ITGAV,Secreted Signaling
797,SST,SSTR1,Secreted Signaling
798,SST,SSTR2,Secreted Signaling
799,SST,SSTR3,Secreted Signaling
800,SST,SSTR4,Secreted Signaling
801,SST,SSTR5,Secreted Signaling
802,TAC1,TACR1,Secreted Signaling
803,TAC1,TACR2,Secreted Signaling
804,TAC3,TACR3,Secreted Signaling
805,TAC4,TACR1,Secreted Signaling
806,TGFA,EGFR,Secreted Signaling
807,TGFA,EGFR,Secreted Signaling
808,TGFB2,ACVR1,Secreted Signaling
809,THBS1,CD36,ECM-Receptor
810,THBS1,CD47,ECM-Receptor
811,THBS1,ITGA3,ECM-Receptor
812,THBS1,SDC1,ECM-Receptor
813,THBS1,SDC4,ECM-Receptor
814,THBS2,CD36,ECM-Receptor
815,THBS2,CD47,ECM-Receptor
816,THPO,MPL,Secreted Signaling
817,TNC,ITGA8,ECM-Receptor
818,TNC,ITGA9,ECM-Receptor
819,TNC,ITGAV,ECM-Receptor
820,TNC,ITGAV,ECM-Receptor
821,TNC,SDC1,ECM-Receptor
822,TNC,SDC4,ECM-Receptor
823,TNFSF10,TNFRSF10A,Secreted Signaling
824,TNFSF11,TNFRSF11A,Secreted Signaling
825,TNFSF11,TNFRSF11B,Secreted Signaling
826,TNFSF12,TNFRSF12A,Secreted Signaling
827,TNFSF13B,TNFRSF13B,Secreted Signaling
828,TNFSF13B,TNFRSF13C,Secreted Signaling
829,TNFSF13B,TNFRSF17,Secreted Signaling
830,TNFSF13,TNFRSF13B,Secreted Signaling
831,TNFSF13,TNFRSF17,Secreted Signaling
832,TNFSF14,LTBR,Secreted Signaling
833,TNFSF14,TNFRSF14,Secreted Signaling
834,TNFSF15,TNFRSF25,Secreted Signaling
835,TNFSF18,TNFRSF18,Secreted Signaling
836,TNFSF4,TNFRSF4,Secreted Signaling
837,TNFSF8,TNFRSF8,Secreted Signaling
838,TNFSF9,TNFRSF9,Secreted Signaling
839,TNF,TNFRSF1A,Secreted Signaling
840,TNF,TNFRSF1B,Secreted Signaling
841,TRH,TRHR,Secreted Signaling
842,TSHB,TSHR,Secreted Signaling
843,TSLP,IL7R,Secreted Signaling
844,UCN2,CRHR1,Secreted Signaling
845,UCN2,CRHR2,Secreted Signaling
846,UCN3,CRHR1,Secreted Signaling
847,UCN3,CRHR2,Secreted Signaling
848,UCN,CRHR1,Secreted Signaling
849,UCN,CRHR2,Secreted Signaling
850,UTS2B,UTS2R,Secreted Signaling
851,UTS2,UTS2R,Secreted Signaling
852,VEGFA,FLT1,Secreted Signaling
853,VEGFA,FLT1,Secreted Signaling
854,VEGFA,KDR,Secreted Signaling
855,VEGFB,FLT1,Secreted Signaling
856,VEGFC,FLT4,Secreted Signaling
857,VEGFC,FLT4,Secreted Signaling
858,VEGFC,KDR,Secreted Signaling
859,VEGFD,FLT4,Secreted Signaling
860,VEGFD,FLT4,Secreted Signaling
861,VEGFD,KDR,Secreted Signaling
862,VIP,VIPR1,Secreted Signaling
863,VIP,VIPR2,Secreted Signaling
864,VTN,ITGA2B,ECM-Receptor
865,VTN,ITGA8,ECM-Receptor
866,VTN,ITGAV,ECM-Receptor
867,VTN,ITGAV,ECM-Receptor
868,VTN,ITGAV,ECM-Receptor
869,VTN,ITGAV,ECM-Receptor
870,VWF,ITGA2B,ECM-Receptor
871,WNT11,FZD7,Secreted Signaling
872,WNT16,FZD6,Secreted Signaling
873,WNT16,FZD6,Secreted Signaling
874,WNT1,FZD1,Secreted Signaling
875,WNT1,FZD1,Secreted Signaling
876,WNT1,FZD3,Secreted Signaling
877,WNT1,FZD3,Secreted Signaling
878,WNT1,FZD5,Secreted Signaling
879,WNT1,FZD5,Secreted Signaling
880,WNT1,FZD7,Secreted Signaling
881,WNT1,FZD7,Secreted Signaling
882,WNT1,FZD8,Secreted Signaling
883,WNT1,FZD8,Secreted Signaling
884,WNT1,FZD9,Secreted Signaling
885,WNT1,FZD9,Secreted Signaling
886,WNT2,FZD1,Secreted Signaling
887,WNT2,FZD1,Secreted Signaling
888,WNT2,FZD5,Secreted Signaling
889,WNT2,FZD5,Secreted Signaling
890,WNT2,FZD7,Secreted Signaling
891,WNT2,FZD7,Secreted Signaling
892,WNT2,FZD8,Secreted Signaling
893,WNT2,FZD8,Secreted Signaling
894,WNT2,FZD9,Secreted Signaling
895,WNT2,FZD9,Secreted Signaling
896,WNT3A,FZD1,Secreted Signaling
897,WNT3A,FZD1,Secreted Signaling
898,WNT3A,FZD2,Secreted Signaling
899,WNT3A,FZD2,Secreted Signaling
900,WNT3A,FZD5,Secreted Signaling
901,WNT3A,FZD5,Secreted Signaling
902,WNT3A,FZD6,Secreted Signaling
903,WNT3A,FZD6,Secreted Signaling
904,WNT3A,FZD7,Secreted Signaling
905,WNT3A,FZD7,Secreted Signaling
906,WNT3A,FZD8,Secreted Signaling
907,WNT3A,FZD8,Secreted Signaling
908,WNT3,FZD1,Secreted Signaling
909,WNT3,FZD1,Secreted Signaling
910,WNT3,FZD5,Secreted Signaling
911,WNT3,FZD5,Secreted Signaling
912,WNT3,FZD7,Secreted Signaling
913,WNT3,FZD7,Secreted Signaling
914,WNT3,FZD8,Secreted Signaling
915,WNT3,FZD8,Secreted Signaling
916,WNT4,FZD2,Secreted Signaling
917,WNT4,FZD2,Secreted Signaling
918,WNT4,FZD6,Secreted Signaling
919,WNT4,FZD6,Secreted Signaling
920,WNT5A,FZD1,Secreted Signaling
921,WNT5A,FZD2,Secreted Signaling
922,WNT5A,FZD4,Secreted Signaling
923,WNT5A,FZD5,Secreted Signaling
924,WNT5A,FZD6,Secreted Signaling
925,WNT5A,FZD7,Secreted Signaling
926,WNT5A,FZD8,Secreted Signaling
927,WNT5A,MCAM,Secreted Signaling
928,WNT7A,FZD10,Secreted Signaling
929,WNT7A,FZD10,Secreted Signaling
930,WNT7A,FZD5,Secreted Signaling
931,WNT7A,FZD5,Secreted Signaling
932,WNT7A,FZD9,Secreted Signaling
933,WNT7A,FZD9,Secreted Signaling
934,WNT7B,FZD1,Secreted Signaling
935,WNT7B,FZD1,Secreted Signaling
936,WNT7B,FZD10,Secreted Signaling
937,WNT7B,FZD10,Secreted Signaling
938,XCL1,XCR1,Secreted Signaling
939,XCL2,XCR1,Secreted Signaling
940,CD6,ALCAM,Cell-Cell Contact
941,CD48,CD244,Cell-Cell Contact
942,HLA-F,KIR3DL1,Cell-Cell Contact
943,DLK1,NOTCH1,Cell-Cell Contact
944,DLL3,NOTCH1,Cell-Cell Contact
945,DLK1,NOTCH2,Cell-Cell Contact
946,DLL3,NOTCH2,Cell-Cell Contact
947,DLL4,NOTCH2,Cell-Cell Contact
948,DLK1,NOTCH3,Cell-Cell Contact
949,DLL3,NOTCH3,Cell-Cell Contact
950,DLL4,NOTCH3,Cell-Cell Contact
951,DLK1,NOTCH4,Cell-Cell Contact
952,DLL3,NOTCH4,Cell-Cell Contact
953,CD22,PTPRC,Cell-Cell Contact
954,DSC2,DSG2,Cell-Cell Contact
955,DSC2,DSG1,Cell-Cell Contact
956,DSC1,DSG1,Cell-Cell Contact
957,DSC1,DSG2,Cell-Cell Contact
958,NECTIN1,NECTIN3,Cell-Cell Contact
959,ICAM1,SPN,Cell-Cell Contact
960,FCER2,CR2,Cell-Cell Contact
961,WNT5A,FZD3,Secreted Signaling
962,WNT2,FZD3,Secreted Signaling
963,WNT2,FZD3,Secreted Signaling
964,CD99,PILRA,Cell-Cell Contact
965,HLA-F,KIR3DL2,Cell-Cell Contact
966,HLA-F,LILRB1,Cell-Cell Contact
967,WNT2,FZD4,Secreted Signaling
968,WNT2,FZD4,Secreted Signaling
969,WNT7B,FZD4,Secreted Signaling
970,WNT7B,FZD4,Secreted Signaling
971,WNT2B,FZD4,Secreted Signaling
972,WNT2B,FZD4,Secreted Signaling
0,ADCYAP1,ADCYAP1R1,Secreted Signaling
1,ADIPOQ,ADIPOR1,Secreted Signaling
2,ADIPOQ,ADIPOR2,Secreted Signaling
3,ADM,CALCR,Secreted Signaling
4,ADM,CALCRL,Secreted Signaling
5,AGT,AGTR1,Secreted Signaling
6,AGT,MAS1,Secreted Signaling
7,AMH,ACVR1,Secreted Signaling
8,ANGPT1,TEK,Secreted Signaling
9,ANGPT2,TEK,Secreted Signaling
10,ANGPTL3,ITGB3,Secreted Signaling
11,ANXA1,FPR1,Secreted Signaling
12,ANXA1,FPR2,Secreted Signaling
13,APLN,APLNR,Secreted Signaling
14,APP,CD74,Cell-Cell Contact
15,AREG,EGFR,Secreted Signaling
16,ARTN,RET,Secreted Signaling
17,ARTN,RET,Secreted Signaling
18,AVP,AVPR1A,Secreted Signaling
19,AVP,AVPR1B,Secreted Signaling
20,AVP,AVPR2,Secreted Signaling
21,BDNF,NTRK2,Secreted Signaling
22,BMP10,ACVR2A,Secreted Signaling
23,BMP10,BMPR2,Secreted Signaling
24,BMP15,BMPR2,Secreted Signaling
25,BMP2,ACVR2B,Secreted Signaling
26,BMP2,ACVR2B,Secreted Signaling
27,BMP2,BMPR2,Secreted Signaling
28,BMP2,BMPR2,Secreted Signaling
29,BMP4,BMPR2,Secreted Signaling
30,BMP4,BMPR2,Secreted Signaling
31,BMP5,BMPR2,Secreted Signaling
32,BMP5,BMPR2,Secreted Signaling
33,BMP5,BMPR2,Secreted Signaling
34,BMP6,ACVR2A,Secreted Signaling
35,BMP6,ACVR2A,Secreted Signaling
36,BMP6,ACVR2A,Secreted Signaling
37,BMP6,BMPR2,Secreted Signaling
38,BMP6,BMPR2,Secreted Signaling
39,BMP6,BMPR2,Secreted Signaling
40,BMP7,ACVR2A,Secreted Signaling
41,BMP7,ACVR2A,Secreted Signaling
42,BMP7,ACVR2A,Secreted Signaling
43,BMP7,ACVR2B,Secreted Signaling
44,BMP7,ACVR2B,Secreted Signaling
45,BMP7,ACVR2B,Secreted Signaling
46,BMP7,BMPR2,Secreted Signaling
47,BMP7,BMPR2,Secreted Signaling
48,BMP7,BMPR2,Secreted Signaling
49,BMP8A,BMPR2,Secreted Signaling
50,BMP8A,BMPR2,Secreted Signaling
51,BMP8A,BMPR2,Secreted Signaling
52,BMP8B,BMPR2,Secreted Signaling
53,BMP8B,BMPR2,Secreted Signaling
54,BMP8B,BMPR2,Secreted Signaling
55,BTC,EGFR,Secreted Signaling
56,BTC,ERBB2,Secreted Signaling
57,BTC,ERBB4,Secreted Signaling
58,BTC,ERBB4,Secreted Signaling
59,BTLA,TNFRSF14,Secreted Signaling
60,C3,C3AR1,Secreted Signaling
61,C3,ITGB2,Secreted Signaling
62,C3,ITGB2,Secreted Signaling
63,C4A,C3AR1,Secreted Signaling
64,C5,C5AR1,Secreted Signaling
65,CALCA,CALCR,Secreted Signaling
66,CALCA,CALCRL,Secreted Signaling
67,CALCB,CALCR,Secreted Signaling
68,CALCB,CALCRL,Secreted Signaling
69,CCK,CCKAR,Secreted Signaling
70,CCK,CCKBR,Secreted Signaling
71,CCL11,ACKR1,Secreted Signaling
72,CCL11,ACKR2,Secreted Signaling
73,CCL11,CCR3,Secreted Signaling
74,CCL13,ACKR1,Secreted Signaling
75,CCL13,ACKR2,Secreted Signaling
76,CCL13,ACKR4,Secreted Signaling
77,CCL13,CCR1,Secreted Signaling
78,CCL14,ACKR1,Secreted Signaling
79,CCL14,ACKR2,Secreted Signaling
80,CCL14,CCR1,Secreted Signaling
81,CCL15,CCR1,Secreted Signaling
82,CCL16,CCR1,Secreted Signaling
83,CCL17,ACKR1,Secreted Signaling
84,CCL17,ACKR1,Secreted Signaling
85,CCL17,ACKR2,Secreted Signaling
86,CCL17,CCR4,Secreted Signaling
87,CCL19,ACKR4,Secreted Signaling
88,CCL19,CCR7,Secreted Signaling
89,CCL1,CCR8,Secreted Signaling
90,CCL20,CCR6,Secreted Signaling
91,CCL21,ACKR4,Secreted Signaling
92,CCL21,CCR7,Secreted Signaling
93,CCL22,ACKR2,Secreted Signaling
94,CCL22,CCR4,Secreted Signaling
95,CCL23,CCR1,Secreted Signaling
96,CCL24,ACKR2,Secreted Signaling
97,CCL24,CCR3,Secreted Signaling
98,CCL25,ACKR4,Secreted Signaling
99,CCL25,CCR9,Secreted Signaling
100,CCL26,CCR3,Secreted Signaling
101,CCL27,CCR10,Secreted Signaling
102,CCL28,CCR10,Secreted Signaling
103,CCL28,CCR3,Secreted Signaling
104,CCL2,ACKR1,Secreted Signaling
105,CCL2,ACKR1,Secreted Signaling
106,CCL2,ACKR2,Secreted Signaling
107,CCL2,CCR2,Secreted Signaling
108,CCL3L1,ACKR2,Secreted Signaling
109,CCL3L1,CCR1,Secreted Signaling
110,CCL3,ACKR2,Secreted Signaling
111,CCL3,CCR1,Secreted Signaling
112,CCL3,CCR5,Secreted Signaling
113,CCL4,ACKR2,Secreted Signaling
114,CCL4,CCR5,Secreted Signaling
115,CCL5,ACKR1,Secreted Signaling
116,CCL5,ACKR1,Secreted Signaling
117,CCL5,ACKR2,Secreted Signaling
118,CCL5,CCR1,Secreted Signaling
119,CCL5,CCR3,Secreted Signaling
120,CCL5,CCR4,Secreted Signaling
121,CCL5,CCR5,Secreted Signaling
122,CCL7,ACKR1,Secreted Signaling
123,CCL7,ACKR1,Secreted Signaling
124,CCL7,ACKR2,Secreted Signaling
125,CCL7,CCR1,Secreted Signaling
126,CCL7,CCR2,Secreted Signaling
127,CCL7,CCR3,Secreted Signaling
128,CCL8,ACKR2,Secreted Signaling
129,CCL8,ACKR4,Secreted Signaling
130,CCL8,CCR1,Secreted Signaling
131,CCL8,CCR2,Secreted Signaling
132,CCL8,ACKR1,Secreted Signaling
133,CD274,PDCD1,Cell-Cell Contact
134,CD34,SELP,Cell-Cell Contact
135,CD40LG,CD40,Cell-Cell Contact
136,CD40LG,ITGB2,Secreted Signaling
137,CD70,CD27,Secreted Signaling
138,CD80,CD28,Cell-Cell Contact
139,CD80,CTLA4,Cell-Cell Contact
140,CD86,CD28,Cell-Cell Contact
141,CD86,CTLA4,Cell-Cell Contact
142,CDH1,ITGB7,Cell-Cell Contact
143,CDH1,KLRG1,Cell-Cell Contact
144,CGA,FSHR,Secreted Signaling
145,CGA,LHCGR,Secreted Signaling
146,CGA,TSHR,Secreted Signaling
147,CHAD,ITGB1,ECM-Receptor
148,CLCF1,LIFR,Secreted Signaling
149,CNTF,LIFR,Secreted Signaling
150,CNTN2,CNTNAP2,Cell-Cell Contact
151,COL1A1,CD44,ECM-Receptor
152,COL1A1,ITGB1,ECM-Receptor
153,COL1A1,ITGB1,ECM-Receptor
154,COL1A1,ITGB1,ECM-Receptor
155,COL1A1,ITGB1,ECM-Receptor
156,COL1A1,ITGB1,ECM-Receptor
157,COL1A1,ITGB1,ECM-Receptor
158,COL1A2,CD44,ECM-Receptor
159,COL1A2,ITGB1,ECM-Receptor
160,COL1A2,ITGB1,ECM-Receptor
161,COL1A2,ITGB1,ECM-Receptor
162,COL1A2,ITGB1,ECM-Receptor
163,COL1A2,ITGB1,ECM-Receptor
164,COL1A2,ITGB1,ECM-Receptor
165,COL2A1,ITGB1,ECM-Receptor
166,COL2A1,ITGB1,ECM-Receptor
167,COL2A1,ITGB1,ECM-Receptor
168,COL2A1,ITGB1,ECM-Receptor
169,COL2A1,ITGB1,ECM-Receptor
170,COL2A1,ITGB1,ECM-Receptor
171,COL4A1,ITGB1,ECM-Receptor
172,COL4A1,ITGB1,ECM-Receptor
173,COL4A1,ITGB1,ECM-Receptor
174,COL4A1,ITGB1,ECM-Receptor
175,COL4A1,ITGB1,ECM-Receptor
176,COL4A1,ITGB1,ECM-Receptor
177,COL4A1,ITGB8,ECM-Receptor
178,COL4A3,ITGB1,ECM-Receptor
179,COL4A3,ITGB1,ECM-Receptor
180,COL4A3,ITGB1,ECM-Receptor
181,COL4A3,ITGB1,ECM-Receptor
182,COL4A3,ITGB1,ECM-Receptor
183,COL4A3,ITGB1,ECM-Receptor
184,COL4A4,ITGB1,ECM-Receptor
185,COL4A4,ITGB1,ECM-Receptor
186,COL4A4,ITGB1,ECM-Receptor
187,COL4A4,ITGB1,ECM-Receptor
188,COL4A4,ITGB1,ECM-Receptor
189,COL4A4,ITGB1,ECM-Receptor
190,COL4A5,ITGB1,ECM-Receptor
191,COL4A5,ITGB1,ECM-Receptor
192,COL4A5,ITGB1,ECM-Receptor
193,COL4A5,ITGB1,ECM-Receptor
194,COL4A5,ITGB1,ECM-Receptor
195,COL4A5,ITGB1,ECM-Receptor
196,COL4A6,ITGB1,ECM-Receptor
197,COL4A6,ITGB1,ECM-Receptor
198,COL4A6,ITGB1,ECM-Receptor
199,COL4A6,ITGB1,ECM-Receptor
200,COL4A6,ITGB1,ECM-Receptor
201,COL4A6,ITGB1,ECM-Receptor
202,COL6A1,ITGB1,ECM-Receptor
203,COL6A1,ITGB1,ECM-Receptor
204,COL6A1,ITGB1,ECM-Receptor
205,COL6A1,ITGB1,ECM-Receptor
206,COL6A1,ITGB1,ECM-Receptor
207,COL6A1,ITGB1,ECM-Receptor
208,COL6A2,ITGB1,ECM-Receptor
209,COL6A2,ITGB1,ECM-Receptor
210,COL6A2,ITGB1,ECM-Receptor
211,COL6A2,ITGB1,ECM-Receptor
212,COL6A2,ITGB1,ECM-Receptor
213,COL6A2,ITGB1,ECM-Receptor
214,COL6A3,ITGB1,ECM-Receptor
215,COL6A3,ITGB1,ECM-Receptor
216,COL6A3,ITGB1,ECM-Receptor
217,COL6A3,ITGB1,ECM-Receptor
218,COL6A3,ITGB1,ECM-Receptor
219,COL6A3,ITGB1,ECM-Receptor
220,COL9A1,ITGB1,ECM-Receptor
221,COL9A1,ITGB1,ECM-Receptor
222,COL9A1,ITGB1,ECM-Receptor
223,COL9A1,ITGB1,ECM-Receptor
224,COL9A1,ITGB1,ECM-Receptor
225,COL9A1,ITGB1,ECM-Receptor
226,COL9A2,ITGB1,ECM-Receptor
227,COL9A2,ITGB1,ECM-Receptor
228,COL9A2,ITGB1,ECM-Receptor
229,COL9A2,ITGB1,ECM-Receptor
230,COL9A2,ITGB1,ECM-Receptor
231,COL9A2,ITGB1,ECM-Receptor
232,COL9A3,ITGB1,ECM-Receptor
233,COL9A3,ITGB1,ECM-Receptor
234,COL9A3,ITGB1,ECM-Receptor
235,COL9A3,ITGB1,ECM-Receptor
236,COL9A3,ITGB1,ECM-Receptor
237,COL9A3,ITGB1,ECM-Receptor
238,COMP,ITGB1,ECM-Receptor
239,COMP,ITGB3,ECM-Receptor
240,CORT,SSTR1,Secreted Signaling
241,CORT,SSTR2,Secreted Signaling
242,CORT,SSTR3,Secreted Signaling
243,CORT,SSTR4,Secreted Signaling
244,CORT,SSTR5,Secreted Signaling
245,CRH,CRHR1,Secreted Signaling
246,CRH,CRHR2,Secreted Signaling
247,CSF1,CSF1R,Secreted Signaling
248,CSF2,CSF2RB,Secreted Signaling
249,CSF3,CSF3R,Secreted Signaling
250,CTF1,IL6ST,Secreted Signaling
251,CX3CL1,CX3CR1,Secreted Signaling
252,CXCL10,CXCR3,Secreted Signaling
253,CXCL11,ACKR1,Secreted Signaling
254,CXCL11,ACKR3,Secreted Signaling
255,CXCL11,CXCR3,Secreted Signaling
256,CXCL12,ACKR3,Secreted Signaling
257,CXCL12,CXCR4,Secreted Signaling
258,CXCL13,CXCR3,Secreted Signaling
259,CXCL13,CXCR5,Secreted Signaling
260,CXCL16,CXCR6,Secreted Signaling
261,CXCL1,ACKR1,Secreted Signaling
262,CXCL1,ACKR1,Secreted Signaling
263,CXCL1,CXCR1,Secreted Signaling
264,CXCL1,CXCR2,Secreted Signaling
265,CXCL2,CXCR1,Secreted Signaling
266,CXCL2,CXCR2,Secreted Signaling
267,CXCL3,CXCR1,Secreted Signaling
268,CXCL3,CXCR2,Secreted Signaling
269,CXCL5,ACKR1,Secreted Signaling
270,CXCL5,ACKR1,Secreted Signaling
271,CXCL5,CXCR1,Secreted Signaling
272,CXCL5,CXCR2,Secreted Signaling
273,CXCL6,ACKR1,Secreted Signaling
274,CXCL6,CXCR1,Secreted Signaling
275,CXCL6,CXCR2,Secreted Signaling
276,CXCL8,ACKR1,Secreted Signaling
277,CXCL8,CXCR1,Secreted Signaling
278,CXCL8,CXCR2,Secreted Signaling
279,CXCL9,CXCR3,Secreted Signaling
280,DLL1,NOTCH1,Cell-Cell Contact
281,DLL1,NOTCH2,Cell-Cell Contact
282,DLL1,NOTCH3,Cell-Cell Contact
283,DLL1,NOTCH4,Cell-Cell Contact
284,DLL4,NOTCH1,Cell-Cell Contact
285,DLL4,NOTCH4,Cell-Cell Contact
286,DMP1,ITGB3,ECM-Receptor
287,DSPP,ITGB1,ECM-Receptor
288,EDA,EDA2R,Secreted Signaling
289,EDA,EDAR,Secreted Signaling
290,EDN1,EDNRA,Secreted Signaling
291,EDN1,EDNRB,Secreted Signaling
292,EDN2,EDNRA,Secreted Signaling
293,EDN2,EDNRB,Secreted Signaling
294,EDN3,EDNRA,Secreted Signaling
295,EDN3,EDNRB,Secreted Signaling
296,EFNA1,EPHA1,Cell-Cell Contact
297,EFNA1,EPHA2,Cell-Cell Contact
298,EFNA1,EPHA3,Cell-Cell Contact
299,EFNA1,EPHA4,Cell-Cell Contact
300,EFNA1,EPHA5,Cell-Cell Contact
301,EFNA1,EPHA7,Cell-Cell Contact
302,EFNA1,EPHA8,Cell-Cell Contact
303,EFNA2,EPHA1,Cell-Cell Contact
304,EFNA2,EPHA2,Cell-Cell Contact
305,EFNA2,EPHA3,Cell-Cell Contact
306,EFNA2,EPHA4,Cell-Cell Contact
307,EFNA2,EPHA5,Cell-Cell Contact
308,EFNA2,EPHA7,Cell-Cell Contact
309,EFNA2,EPHA8,Cell-Cell Contact
310,EFNA3,EPHA1,Cell-Cell Contact
311,EFNA3,EPHA2,Cell-Cell Contact
312,EFNA3,EPHA3,Cell-Cell Contact
313,EFNA3,EPHA4,Cell-Cell Contact
314,EFNA3,EPHA5,Cell-Cell Contact
315,EFNA3,EPHA7,Cell-Cell Contact
316,EFNA3,EPHA8,Cell-Cell Contact
317,EFNA4,EPHA1,Cell-Cell Contact
318,EFNA4,EPHA2,Cell-Cell Contact
319,EFNA4,EPHA3,Cell-Cell Contact
320,EFNA4,EPHA4,Cell-Cell Contact
321,EFNA4,EPHA5,Cell-Cell Contact
322,EFNA4,EPHA7,Cell-Cell Contact
323,EFNA4,EPHA8,Cell-Cell Contact
324,EFNA5,EPHA1,Cell-Cell Contact
325,EFNA5,EPHA2,Cell-Cell Contact
326,EFNA5,EPHA3,Cell-Cell Contact
327,EFNA5,EPHA4,Cell-Cell Contact
328,EFNA5,EPHA5,Cell-Cell Contact
329,EFNA5,EPHA7,Cell-Cell Contact
330,EFNA5,EPHA8,Cell-Cell Contact
331,EFNA5,EPHB2,Cell-Cell Contact
332,EFNB1,EPHB1,Cell-Cell Contact
333,EFNB1,EPHB2,Cell-Cell Contact
334,EFNB1,EPHB3,Cell-Cell Contact
335,EFNB1,EPHB4,Cell-Cell Contact
336,EFNB2,EPHA4,Cell-Cell Contact
337,EFNB2,EPHB1,Cell-Cell Contact
338,EFNB2,EPHB2,Cell-Cell Contact
339,EFNB2,EPHB3,Cell-Cell Contact
340,EFNB2,EPHB4,Cell-Cell Contact
341,EFNB3,EPHA4,Cell-Cell Contact
342,EFNB3,EPHB1,Cell-Cell Contact
343,EFNB3,EPHB2,Cell-Cell Contact
344,EFNB3,EPHB3,Cell-Cell Contact
345,EFNB3,EPHB4,Cell-Cell Contact
346,EFNB3,EPHB6,Cell-Cell Contact
347,EGF,EGFR,Secreted Signaling
348,EGF,ERBB2,Secreted Signaling
349,EPGN,EGFR,Cell-Cell Contact
350,EPO,EPOR,Secreted Signaling
351,EREG,EGFR,Secreted Signaling
352,EREG,ERBB2,Secreted Signaling
353,EREG,ERBB4,Secreted Signaling
354,EREG,ERBB4,Secreted Signaling
355,F2,F2R,Secreted Signaling
356,F2,F2RL1,Secreted Signaling
357,F2,F2RL2,Secreted Signaling
358,F2,F2RL3,Secreted Signaling
359,FASLG,FAS,Secreted Signaling
360,FGF10,FGFR1,Secreted Signaling
361,FGF10,FGFR2,Secreted Signaling
362,FGF16,FGFR1,Secreted Signaling
363,FGF16,FGFR2,Secreted Signaling
364,FGF16,FGFR3,Secreted Signaling
365,FGF16,FGFR4,Secreted Signaling
366,FGF17,FGFR1,Secreted Signaling
367,FGF17,FGFR2,Secreted Signaling
368,FGF17,FGFR3,Secreted Signaling
369,FGF17,FGFR4,Secreted Signaling
370,FGF18,FGFR1,Secreted Signaling
371,FGF18,FGFR2,Secreted Signaling
372,FGF18,FGFR3,Secreted Signaling
373,FGF18,FGFR4,Secreted Signaling
374,FGF19,FGFR1,Secreted Signaling
375,FGF19,FGFR2,Secreted Signaling
376,FGF19,FGFR3,Secreted Signaling
377,FGF19,FGFR4,Secreted Signaling
378,FGF1,FGFR1,Secreted Signaling
379,FGF1,FGFR2,Secreted Signaling
380,FGF1,FGFR3,Secreted Signaling
381,FGF1,FGFR4,Secreted Signaling
382,FGF20,FGFR1,Secreted Signaling
383,FGF20,FGFR2,Secreted Signaling
384,FGF20,FGFR3,Secreted Signaling
385,FGF20,FGFR4,Secreted Signaling
386,FGF21,FGFR1,Secreted Signaling
387,FGF21,FGFR3,Secreted Signaling
388,FGF22,FGFR2,Secreted Signaling
389,FGF23,FGFR1,Secreted Signaling
390,FGF23,FGFR3,Secreted Signaling
391,FGF23,FGFR4,Secreted Signaling
392,FGF2,FGFR1,Secreted Signaling
393,FGF2,FGFR2,Secreted Signaling
394,FGF2,FGFR3,Secreted Signaling
395,FGF2,FGFR4,Secreted Signaling
396,FGF3,FGFR1,Secreted Signaling
397,FGF3,FGFR2,Secreted Signaling
398,FGF4,FGFR1,Secreted Signaling
399,FGF4,FGFR2,Secreted Signaling
400,FGF4,FGFR3,Secreted Signaling
401,FGF4,FGFR4,Secreted Signaling
402,FGF5,FGFR1,Secreted Signaling
403,FGF5,FGFR2,Secreted Signaling
404,FGF5,FGFR3,Secreted Signaling
405,FGF5,FGFR4,Secreted Signaling
406,FGF6,FGFR1,Secreted Signaling
407,FGF6,FGFR2,Secreted Signaling
408,FGF6,FGFR3,Secreted Signaling
409,FGF6,FGFR4,Secreted Signaling
410,FGF7,FGFR1,Secreted Signaling
411,FGF7,FGFR2,Secreted Signaling
412,FGF8,FGFR1,Secreted Signaling
413,FGF8,FGFR2,Secreted Signaling
414,FGF8,FGFR3,Secreted Signaling
415,FGF8,FGFR4,Secreted Signaling
416,FGF9,FGFR1,Secreted Signaling
417,FGF9,FGFR2,Secreted Signaling
418,FGF9,FGFR3,Secreted Signaling
419,FGF9,FGFR4,Secreted Signaling
420,FLT3LG,FLT3,Secreted Signaling
421,FN1,CD44,ECM-Receptor
422,FN1,ITGB1,ECM-Receptor
423,FN1,ITGB1,ECM-Receptor
424,FN1,ITGB1,ECM-Receptor
425,FN1,ITGB1,ECM-Receptor
426,FN1,ITGB1,ECM-Receptor
427,FN1,ITGB3,ECM-Receptor
428,FN1,ITGB3,ECM-Receptor
429,FN1,ITGB6,ECM-Receptor
430,FN1,ITGB7,ECM-Receptor
431,FN1,ITGB8,ECM-Receptor
432,FSHB,FSHR,Secreted Signaling
433,GALP,GALR1,Secreted Signaling
434,GALP,GALR2,Secreted Signaling
435,GAL,GALR1,Secreted Signaling
436,GAL,GALR2,Secreted Signaling
437,GAL,GALR3,Secreted Signaling
438,GAS6,AXL,Secreted Signaling
439,GAS6,MERTK,Secreted Signaling
440,GAS6,TYRO3,Secreted Signaling
441,GCG,GCGR,Secreted Signaling
442,GCG,GLP1R,Secreted Signaling
443,GCG,GLP2R,Secreted Signaling
444,GDF11,ACVR2A,Secreted Signaling
445,GDF11,ACVR2B,Secreted Signaling
446,GDF11,ACVR2B,Secreted Signaling
447,GDF2,ACVR2A,Secreted Signaling
448,GDF2,BMPR2,Secreted Signaling
449,GDF5,ACVR2A,Secreted Signaling
450,GDF5,ACVR2A,Secreted Signaling
451,GDF5,ACVR2B,Secreted Signaling
452,GDF5,ACVR2B,Secreted Signaling
453,GDF5,BMPR2,Secreted Signaling
454,GDF5,BMPR2,Secreted Signaling
455,GDF6,BMPR2,Secreted Signaling
456,GDF6,BMPR2,Secreted Signaling
457,GDF7,ACVR2A,Secreted Signaling
458,GDF7,ACVR2A,Secreted Signaling
459,GDF7,BMPR2,Secreted Signaling
460,GDF7,BMPR2,Secreted Signaling
461,GDF9,BMPR2,Secreted Signaling
462,GDNF,RET,Secreted Signaling
463,GH1,GHR,Secreted Signaling
464,GH1,GHR,Secreted Signaling
465,GH1,PRLR,Secreted Signaling
466,GHRH,GHRHR,Secreted Signaling
467,GHRH,VIPR1,Secreted Signaling
468,GHRL,GHSR,Secreted Signaling
469,GIP,GIPR,Secreted Signaling
470,GNRH1,GNRHR,Secreted Signaling
471,GRP,GRPR,Secreted Signaling
472,GUCA2A,GUCY2C,Secreted Signaling
473,GUCA2B,GUCY2C,Secreted Signaling
474,HBEGF,EGFR,Secreted Signaling
475,HBEGF,ERBB2,Secreted Signaling
476,HBEGF,ERBB4,Secreted Signaling
477,HBEGF,ERBB4,Secreted Signaling
478,HCRT,HCRTR1,Secreted Signaling
479,HCRT,HCRTR2,Secreted Signaling
480,HGF,MET,Secreted Signaling
481,HLA-A,KIR3DL1,Cell-Cell Contact
482,HLA-C,KIR2DL1,Cell-Cell Contact
483,HLA-C,KIR2DL3,Cell-Cell Contact
484,HLA-C,KIR2DS4,Cell-Cell Contact
485,HLA-E,KLRC1,Cell-Cell Contact
486,HLA-E,KLRC2,Cell-Cell Contact
487,HLA-G,LILRB1,Cell-Cell Contact
488,HLA-G,LILRB2,Cell-Cell Contact
489,IAPP,CALCR,Secreted Signaling
490,IBSP,ITGB3,ECM-Receptor
491,ICAM1,ITGAL,Cell-Cell Contact
492,ICAM1,ITGB2,Cell-Cell Contact
493,ICAM1,ITGB2,Cell-Cell Contact
494,ICAM1,ITGB2,Cell-Cell Contact
495,ICAM2,ITGB2,Cell-Cell Contact
496,ICAM2,ITGB2,Cell-Cell Contact
497,ICOSLG,ICOS,Cell-Cell Contact
498,IFNA10,IFNAR2,Secreted Signaling
499,IFNA14,IFNAR2,Secreted Signaling
500,IFNA16,IFNAR2,Secreted Signaling
501,IFNA17,IFNAR2,Secreted Signaling
502,IFNA1,IFNAR2,Secreted Signaling
503,IFNA21,IFNAR2,Secreted Signaling
504,IFNA2,IFNAR2,Secreted Signaling
505,IFNA4,IFNAR2,Secreted Signaling
506,IFNA5,IFNAR2,Secreted Signaling
507,IFNA6,IFNAR2,Secreted Signaling
508,IFNA7,IFNAR2,Secreted Signaling
509,IFNA8,IFNAR2,Secreted Signaling
510,IFNB1,IFNAR2,Secreted Signaling
511,IFNE,IFNAR2,Secreted Signaling
512,IFNG,IFNGR2,Secreted Signaling
513,IFNW1,IFNAR2,Secreted Signaling
514,IGF1,IGF1R,Secreted Signaling
515,IGF2,IGF1R,Secreted Signaling
516,IGF2,IGF2R,Secreted Signaling
517,IGFL3,IGFLR1,Secreted Signaling
518,IL10,IL10RB,Secreted Signaling
519,IL13,IL13RA1,Secreted Signaling
520,IL13,IL13RA1,Secreted Signaling
521,IL13,IL13RA2,Secreted Signaling
522,IL13,IL13RA2,Secreted Signaling
523,IL15,IL2RB,Secreted Signaling
524,IL16,CD4,Secreted Signaling
525,IL17A,IL17RC,Secreted Signaling
526,IL17B,IL17RB,Secreted Signaling
527,IL17C,IL17RE,Secreted Signaling
528,IL17F,IL17RC,Secreted Signaling
529,IL18,IL18RAP,Secreted Signaling
530,IL19,IL20RB,Secreted Signaling
531,IL1A,IL1R2,Secreted Signaling
532,IL1A,IL1RAP,Secreted Signaling
533,IL1B,IL1R2,Secreted Signaling
534,IL1B,IL1RAP,Secreted Signaling
535,IL20,IL20RB,Secreted Signaling
536,IL20,IL20RB,Secreted Signaling
537,IL21,IL2RG,Secreted Signaling
538,IL22,IL10RB,Secreted Signaling
539,IL24,IL20RB,Secreted Signaling
540,IL24,IL20RB,Secreted Signaling
541,IL25,IL17RB,Secreted Signaling
542,IL26,IL10RB,Secreted Signaling
543,IL2,IL2RG,Secreted Signaling
544,IL31,OSMR,Secreted Signaling
545,IL34,CSF1R,Secreted Signaling
546,IL3,CSF2RB,Secreted Signaling
547,IL4,IL13RA1,Secreted Signaling
548,IL4,IL13RA2,Secreted Signaling
549,IL4,IL2RG,Secreted Signaling
550,IL4,IL4R,Secreted Signaling
551,IL5,CSF2RB,Secreted Signaling
552,IL6,IL6ST,Secreted Signaling
553,IL7,IL2RG,Secreted Signaling
554,IL9,IL2RG,Secreted Signaling
555,INHBA,ACVR2A,Secreted Signaling
556,INHBA,ACVR2B,Secreted Signaling
557,INHBB,ACVR2A,Secreted Signaling
558,INHBB,ACVR2A,Secreted Signaling
559,INHBB,ACVR2B,Secreted Signaling
560,INHBB,ACVR2B,Secreted Signaling
561,INHBC,ACVR2A,Secreted Signaling
562,INHBC,ACVR2A,Secreted Signaling
563,INHBC,ACVR2B,Secreted Signaling
564,INHBC,ACVR2B,Secreted Signaling
565,INHBE,ACVR2B,Secreted Signaling
566,INHBE,ACVR2B,Secreted Signaling
567,INHBE,ACVR2B,Secreted Signaling
568,INHBE,ACVR2B,Secreted Signaling
569,INHBE,ACVR2B,Secreted Signaling
570,INHBE,ACVR2B,Secreted Signaling
571,INHBE,ACVR2B,Secreted Signaling
572,INHBE,ACVR2B,Secreted Signaling
573,INHBE,ACVR2B,Secreted Signaling
574,INHBE,ACVR2B,Secreted Signaling
575,INSL3,RXFP2,Secreted Signaling
576,INSL5,RXFP3,Secreted Signaling
577,INSL5,RXFP4,Secreted Signaling
578,INS,INSR,Secreted Signaling
579,JAG1,NOTCH1,Cell-Cell Contact
580,JAG1,NOTCH2,Cell-Cell Contact
581,JAG1,NOTCH3,Cell-Cell Contact
582,JAG1,NOTCH4,Cell-Cell Contact
583,JAG2,NOTCH1,Cell-Cell Contact
584,JAG2,NOTCH2,Cell-Cell Contact
585,JAG2,NOTCH3,Cell-Cell Contact
586,JAG2,NOTCH4,Cell-Cell Contact
587,JAM3,ITGB2,Cell-Cell Contact
588,KISS1,KISS1R,Secreted Signaling
589,KITLG,KIT,Secreted Signaling
590,KNG1,BDKRB1,Secreted Signaling
591,KNG1,BDKRB2,Secreted Signaling
592,LAMA1,ITGB1,ECM-Receptor
593,LAMA1,ITGB1,ECM-Receptor
594,LAMA1,ITGB1,ECM-Receptor
595,LAMA1,ITGB1,ECM-Receptor
596,LAMA1,ITGB1,ECM-Receptor
597,LAMA1,ITGB1,ECM-Receptor
598,LAMA1,ITGB4,ECM-Receptor
599,LAMA1,ITGB8,ECM-Receptor
600,LAMA2,ITGB1,ECM-Receptor
601,LAMA2,ITGB1,ECM-Receptor
602,LAMA2,ITGB1,ECM-Receptor
603,LAMA2,ITGB1,ECM-Receptor
604,LAMA2,ITGB1,ECM-Receptor
605,LAMA2,ITGB1,ECM-Receptor
606,LAMA2,ITGB4,ECM-Receptor
607,LAMA3,ITGB1,ECM-Receptor
608,LAMA3,ITGB1,ECM-Receptor
609,LAMA3,ITGB1,ECM-Receptor
610,LAMA3,ITGB1,ECM-Receptor
611,LAMA3,ITGB1,ECM-Receptor
612,LAMA3,ITGB1,ECM-Receptor
613,LAMA3,ITGB4,ECM-Receptor
614,LAMA4,ITGB1,ECM-Receptor
615,LAMA4,ITGB1,ECM-Receptor
616,LAMA4,ITGB1,ECM-Receptor
617,LAMA4,ITGB1,ECM-Receptor
618,LAMA4,ITGB1,ECM-Receptor
619,LAMA4,ITGB1,ECM-Receptor
620,LAMA5,ITGB1,ECM-Receptor
621,LAMA5,ITGB1,ECM-Receptor
622,LAMA5,ITGB1,ECM-Receptor
623,LAMA5,ITGB1,ECM-Receptor
624,LAMA5,ITGB1,ECM-Receptor
625,LAMA5,ITGB1,ECM-Receptor
626,LAMA5,ITGB4,ECM-Receptor
627,LAMB1,ITGB1,ECM-Receptor
628,LAMB1,ITGB1,ECM-Receptor
629,LAMB1,ITGB1,ECM-Receptor
630,LAMB1,ITGB1,ECM-Receptor
631,LAMB1,ITGB1,ECM-Receptor
632,LAMB1,ITGB1,ECM-Receptor
633,LAMB1,ITGB4,ECM-Receptor
634,LAMB2,ITGB1,ECM-Receptor
635,LAMB2,ITGB1,ECM-Receptor
636,LAMB2,ITGB1,ECM-Receptor
637,LAMB2,ITGB1,ECM-Receptor
638,LAMB2,ITGB1,ECM-Receptor
639,LAMB2,ITGB1,ECM-Receptor
640,LAMB2,ITGB4,ECM-Receptor
641,LAMB3,ITGB1,ECM-Receptor
642,LAMB3,ITGB1,ECM-Receptor
643,LAMB3,ITGB1,ECM-Receptor
644,LAMB3,ITGB1,ECM-Receptor
645,LAMB3,ITGB1,ECM-Receptor
646,LAMB3,ITGB1,ECM-Receptor
647,LAMB3,ITGB4,ECM-Receptor
648,LAMC1,ITGB1,ECM-Receptor
649,LAMC1,ITGB1,ECM-Receptor
650,LAMC1,ITGB1,ECM-Receptor
651,LAMC1,ITGB1,ECM-Receptor
652,LAMC1,ITGB1,ECM-Receptor
653,LAMC1,ITGB1,ECM-Receptor
654,LAMC1,ITGB4,ECM-Receptor
655,LAMC2,ITGB1,ECM-Receptor
656,LAMC2,ITGB1,ECM-Receptor
657,LAMC2,ITGB1,ECM-Receptor
658,LAMC2,ITGB1,ECM-Receptor
659,LAMC2,ITGB1,ECM-Receptor
660,LAMC2,ITGB1,ECM-Receptor
661,LAMC2,ITGB4,ECM-Receptor
662,LAMC3,ITGB1,ECM-Receptor
663,LAMC3,ITGB1,ECM-Receptor
664,LAMC3,ITGB1,ECM-Receptor
665,LAMC3,ITGB1,ECM-Receptor
666,LAMC3,ITGB1,ECM-Receptor
667,LAMC3,ITGB1,ECM-Receptor
668,LAMC3,ITGB4,ECM-Receptor
669,LEP,LEPR,Secreted Signaling
670,LGALS9,HAVCR2,Secreted Signaling
671,LHB,LHCGR,Secreted Signaling
672,LIF,IL6ST,Secreted Signaling
673,LTA,TNFRSF14,Secreted Signaling
674,LTA,TNFRSF1A,Secreted Signaling
675,LTA,TNFRSF1B,Secreted Signaling
676,MADCAM1,ITGB7,Cell-Cell Contact
677,MDK,ALK,Secreted Signaling
678,MDK,ITGB1,Secreted Signaling
679,MDK,ITGB1,Secreted Signaling
680,MDK,LRP1,Secreted Signaling
681,MDK,PTPRZ1,Secreted Signaling
682,MDK,SDC1,Secreted Signaling
683,MDK,SDC4,Secreted Signaling
684,MSTN,ACVR2B,Secreted Signaling
685,MSTN,ACVR2B,Secreted Signaling
686,NAMPT,INSR,Secreted Signaling
687,NCAM1,FGFR1,Cell-Cell Contact
688,NECTIN2,CD226,Cell-Cell Contact
689,NECTIN3,TIGIT,Cell-Cell Contact
690,NGF,NGFR,Secreted Signaling
691,NGF,NTRK1,Secreted Signaling
692,NMB,NMBR,Secreted Signaling
693,NMS,NMUR1,Secreted Signaling
694,NMS,NMUR2,Secreted Signaling
695,NMU,NMUR1,Secreted Signaling
696,NMU,NMUR2,Secreted Signaling
697,NPB,NPBWR1,Secreted Signaling
698,NPFF,NPFFR1,Secreted Signaling
699,NPFF,NPFFR2,Secreted Signaling
700,NPPA,NPR1,Secreted Signaling
701,NPPB,NPR1,Secreted Signaling
702,NPPC,NPR2,Secreted Signaling
703,NPS,NPSR1,Secreted Signaling
704,NPVF,NPFFR1,Secreted Signaling
705,NPVF,NPFFR2,Secreted Signaling
706,NPW,NPBWR1,Secreted Signaling
707,NPY,NPY1R,Secreted Signaling
708,NPY,NPY2R,Secreted Signaling
709,NPY,NPY4R,Secreted Signaling
710,NPY,NPY5R,Secreted Signaling
711,NRG1,ERBB3,Secreted Signaling
712,NRG1,ERBB3,Secreted Signaling
713,NRG1,ERBB4,Secreted Signaling
714,NRG1,ERBB4,Secreted Signaling
715,NRG2,ERBB3,Secreted Signaling
716,NRG2,ERBB3,Secreted Signaling
717,NRG2,ERBB4,Secreted Signaling
718,NRG2,ERBB4,Secreted Signaling
719,NRG3,ERBB4,Secreted Signaling
720,NRG3,ERBB4,Secreted Signaling
721,NRG4,ERBB4,Secreted Signaling
722,NRG4,ERBB4,Secreted Signaling
723,NRTN,RET,Secreted Signaling
724,NTF3,NTRK1,Secreted Signaling
725,NTF3,NTRK2,Secreted Signaling
726,NTF3,NTRK3,Secreted Signaling
727,NTF4,NTRK2,Secreted Signaling
728,NTS,NTSR1,Secreted Signaling
729,NTS,NTSR2,Secreted Signaling
730,OSM,IL6ST,Secreted Signaling
731,OSM,IL6ST,Secreted Signaling
732,OSTN,NPR3,Secreted Signaling
733,OXT,OXTR,Secreted Signaling
734,PDGFA,PDGFRA,Secreted Signaling
735,PDGFA,PDGFRB,Secreted Signaling
736,PDGFB,PDGFRA,Secreted Signaling
737,PDGFB,PDGFRB,Secreted Signaling
738,PDGFC,PDGFRA,Secreted Signaling
739,PDGFD,PDGFRB,Secreted Signaling
740,PDYN,OPRD1,Secreted Signaling
741,PDYN,OPRK1,Secreted Signaling
742,PDYN,OPRM1,Secreted Signaling
743,PENK,OPRD1,Secreted Signaling
744,PENK,OPRK1,Secreted Signaling
745,PENK,OPRM1,Secreted Signaling
746,PF4,CXCR3,Secreted Signaling
747,PGF,FLT1,Secreted Signaling
748,PLG,F2R,Secreted Signaling
749,PLG,F2RL1,Secreted Signaling
750,SEMA4A,PLXNB1,Cell-Cell Contact
751,SEMA4A,PLXNB2,Cell-Cell Contact
752,SEMA4A,PLXNB3,Cell-Cell Contact
753,PMCH,MCHR1,Secreted Signaling
754,POMC,MC1R,Secreted Signaling
755,POMC,MC2R,Secreted Signaling
756,POMC,MC3R,Secreted Signaling
757,POMC,MC4R,Secreted Signaling
758,POMC,MC5R,Secreted Signaling
759,POMC,OPRD1,Secreted Signaling
760,POMC,OPRK1,Secreted Signaling
761,POMC,OPRM1,Secreted Signaling
762,PPBP,CXCR2,Secreted Signaling
763,PPY,NPY1R,Secreted Signaling
764,PPY,NPY2R,Secreted Signaling
765,PPY,NPY4R,Secreted Signaling
766,PPY,NPY5R,Secreted Signaling
767,PRLH,PRLHR,Secreted Signaling
768,PRL,PRLR,Secreted Signaling
769,PROK1,PROKR1,Secreted Signaling
770,PROK1,PROKR2,Secreted Signaling
771,PROK2,PROKR1,Secreted Signaling
772,PROK2,PROKR2,Secreted Signaling
773,PROS1,AXL,Secreted Signaling
774,PROS1,TYRO3,Secreted Signaling
775,PSAP,GPR37,Secreted Signaling
776,PSAP,GPR37L1,Secreted Signaling
777,PSPN,RET,Secreted Signaling
778,PTH2,PTH1R,Secreted Signaling
779,PTH2,PTH2R,Secreted Signaling
780,PTHLH,PTH1R,Secreted Signaling
781,PTH,PTH1R,Secreted Signaling
782,PTH,PTH2R,Secreted Signaling
783,PTN,ALK,Secreted Signaling
784,PTN,PTPRZ1,Secreted Signaling
785,PTN,SDC1,Secreted Signaling
786,PTN,SDC3,Secreted Signaling
787,PVR,CD226,Cell-Cell Contact
788,PVR,TIGIT,Cell-Cell Contact
789,PYY,NPY1R,Secreted Signaling
790,PYY,NPY2R,Secreted Signaling
791,PYY,NPY4R,Secreted Signaling
792,PYY,NPY5R,Secreted Signaling
793,QRFP,QRFPR,Secreted Signaling
794,RAET1E,KLRK1,Cell-Cell Contact
795,RARRES2,CMKLR1,Secreted Signaling
796,RARRES2,GPR1,Secreted Signaling
797,RELN,ITGB1,ECM-Receptor
798,RLN1,RXFP1,Secreted Signaling
799,RLN1,RXFP2,Secreted Signaling
800,RLN3,RXFP1,Secreted Signaling
801,RLN3,RXFP2,Secreted Signaling
802,RLN3,RXFP4,Secreted Signaling
803,SAA1,FPR2,Secreted Signaling
804,SCGB3A2,MARCO,Secreted Signaling
805,SCT,SCTR,Secreted Signaling
806,SELPLG,SELE,Cell-Cell Contact
807,SELPLG,SELL,Cell-Cell Contact
808,SELPLG,SELP,Cell-Cell Contact
809,SEMA3A,PLXNA1,Secreted Signaling
810,SEMA3A,PLXNA2,Secreted Signaling
811,SEMA3A,PLXNA3,Secreted Signaling
812,SEMA3A,PLXNA4,Secreted Signaling
813,SEMA3C,NRP2,Secreted Signaling
814,SEMA3C,PLXND1,Secreted Signaling
815,SEMA3E,PLXND1,Secreted Signaling
816,SEMA3F,PLXNA1,Secreted Signaling
817,SEMA3F,PLXNA3,Secreted Signaling
818,SEMA4C,PLXNB2,Cell-Cell Contact
819,SEMA4D,CD72,Cell-Cell Contact
820,SEMA4D,PLXNB1,Cell-Cell Contact
821,SEMA4D,PLXNB2,Cell-Cell Contact
822,SEMA4G,PLXNB2,Cell-Cell Contact
823,SEMA5A,PLXNB3,Cell-Cell Contact
824,SEMA6A,PLXNA2,Cell-Cell Contact
825,SEMA6A,PLXNA4,Cell-Cell Contact
826,SEMA6D,KDR,Cell-Cell Contact
827,SEMA6D,PLXNA1,Cell-Cell Contact
828,SEMA6D,TREM2,Cell-Cell Contact
829,SEMA7A,ITGA1,Cell-Cell Contact
830,SEMA7A,PLXNC1,Cell-Cell Contact
831,SHH,SMO,Secreted Signaling
832,SHH,SMO,Secreted Signaling
833,SPP1,CD44,Secreted Signaling
834,SPP1,ITGB1,Secreted Signaling
835,SPP1,ITGB1,Secreted Signaling
836,SPP1,ITGB1,Secreted Signaling
837,SPP1,ITGB1,Secreted Signaling
838,SPP1,ITGB1,Secreted Signaling
839,SPP1,ITGB3,Secreted Signaling
840,SPP1,ITGB5,Secreted Signaling
841,SST,SSTR1,Secreted Signaling
842,SST,SSTR2,Secreted Signaling
843,SST,SSTR3,Secreted Signaling
844,SST,SSTR4,Secreted Signaling
845,SST,SSTR5,Secreted Signaling
846,TAC1,TACR1,Secreted Signaling
847,TAC1,TACR2,Secreted Signaling
848,TAC3,TACR3,Secreted Signaling
849,TAC4,TACR1,Secreted Signaling
850,TGFA,EGFR,Secreted Signaling
851,TGFA,ERBB2,Secreted Signaling
852,THBS1,CD36,ECM-Receptor
853,THBS1,CD47,ECM-Receptor
854,THBS1,ITGB1,ECM-Receptor
855,THBS1,ITGB3,ECM-Receptor
856,THBS1,SDC1,ECM-Receptor
857,THBS1,SDC4,ECM-Receptor
858,THBS2,CD36,ECM-Receptor
859,THBS2,CD47,ECM-Receptor
860,THBS2,ITGB1,ECM-Receptor
861,THBS2,ITGB3,ECM-Receptor
862,THPO,MPL,Secreted Signaling
863,TNC,ITGB1,ECM-Receptor
864,TNC,ITGB1,ECM-Receptor
865,TNC,ITGB3,ECM-Receptor
866,TNC,ITGB3,ECM-Receptor
867,TNC,ITGB6,ECM-Receptor
868,TNC,SDC1,ECM-Receptor
869,TNC,SDC4,ECM-Receptor
870,TNFSF10,TNFRSF10A,Secreted Signaling
871,TNFSF11,TNFRSF11A,Secreted Signaling
872,TNFSF11,TNFRSF11B,Secreted Signaling
873,TNFSF12,TNFRSF12A,Secreted Signaling
874,TNFSF13B,TNFRSF13B,Secreted Signaling
875,TNFSF13B,TNFRSF13C,Secreted Signaling
876,TNFSF13B,TNFRSF17,Secreted Signaling
877,TNFSF13,TNFRSF13B,Secreted Signaling
878,TNFSF13,TNFRSF17,Secreted Signaling
879,TNFSF14,LTBR,Secreted Signaling
880,TNFSF14,TNFRSF14,Secreted Signaling
881,TNFSF15,TNFRSF25,Secreted Signaling
882,TNFSF18,TNFRSF18,Secreted Signaling
883,TNFSF4,TNFRSF4,Secreted Signaling
884,TNFSF8,TNFRSF8,Secreted Signaling
885,TNFSF9,TNFRSF9,Secreted Signaling
886,TNF,TNFRSF1A,Secreted Signaling
887,TNF,TNFRSF1B,Secreted Signaling
888,TRH,TRHR,Secreted Signaling
889,TSHB,TSHR,Secreted Signaling
890,UCN2,CRHR1,Secreted Signaling
891,UCN2,CRHR2,Secreted Signaling
892,UCN3,CRHR1,Secreted Signaling
893,UCN3,CRHR2,Secreted Signaling
894,UCN,CRHR1,Secreted Signaling
895,UCN,CRHR2,Secreted Signaling
896,UTS2B,UTS2R,Secreted Signaling
897,UTS2,UTS2R,Secreted Signaling
898,VEGFA,FLT1,Secreted Signaling
899,VEGFA,KDR,Secreted Signaling
900,VEGFA,KDR,Secreted Signaling
901,VEGFB,FLT1,Secreted Signaling
902,VEGFC,FLT4,Secreted Signaling
903,VEGFC,KDR,Secreted Signaling
904,VEGFC,KDR,Secreted Signaling
905,VEGFD,FLT4,Secreted Signaling
906,VEGFD,KDR,Secreted Signaling
907,VEGFD,KDR,Secreted Signaling
908,VIP,VIPR1,Secreted Signaling
909,VIP,VIPR2,Secreted Signaling
910,VTN,ITGB1,ECM-Receptor
911,VTN,ITGB1,ECM-Receptor
912,VTN,ITGB3,ECM-Receptor
913,VTN,ITGB3,ECM-Receptor
914,VTN,ITGB5,ECM-Receptor
915,VTN,ITGB8,ECM-Receptor
916,VWF,ITGB3,ECM-Receptor
917,VWF,ITGB3,ECM-Receptor
918,WNT11,FZD7,Secreted Signaling
919,WNT1,LRP5,Secreted Signaling
920,WNT1,LRP5,Secreted Signaling
921,WNT1,LRP5,Secreted Signaling
922,WNT1,LRP5,Secreted Signaling
923,WNT1,LRP5,Secreted Signaling
924,WNT1,LRP5,Secreted Signaling
925,WNT1,LRP5,Secreted Signaling
926,WNT1,LRP5,Secreted Signaling
927,WNT1,LRP5,Secreted Signaling
928,WNT1,LRP5,Secreted Signaling
929,WNT1,LRP6,Secreted Signaling
930,WNT1,LRP6,Secreted Signaling
931,WNT1,LRP6,Secreted Signaling
932,WNT1,LRP6,Secreted Signaling
933,WNT1,LRP6,Secreted Signaling
934,WNT1,LRP6,Secreted Signaling
935,WNT1,LRP6,Secreted Signaling
936,WNT1,LRP6,Secreted Signaling
937,WNT1,LRP6,Secreted Signaling
938,WNT1,LRP6,Secreted Signaling
939,WNT2,LRP6,Secreted Signaling
940,WNT2,LRP6,Secreted Signaling
941,WNT2,LRP6,Secreted Signaling
942,WNT2,LRP6,Secreted Signaling
943,WNT2,LRP6,Secreted Signaling
944,WNT2,LRP6,Secreted Signaling
945,WNT2,LRP6,Secreted Signaling
946,WNT2,LRP6,Secreted Signaling
947,WNT2,LRP6,Secreted Signaling
948,WNT2,LRP6,Secreted Signaling
949,WNT3A,LRP5,Secreted Signaling
950,WNT3A,LRP5,Secreted Signaling
951,WNT3A,LRP5,Secreted Signaling
952,WNT3A,LRP5,Secreted Signaling
953,WNT3A,LRP5,Secreted Signaling
954,WNT3A,LRP5,Secreted Signaling
955,WNT3A,LRP5,Secreted Signaling
956,WNT3A,LRP5,Secreted Signaling
957,WNT3A,LRP5,Secreted Signaling
958,WNT3A,LRP5,Secreted Signaling
959,WNT3A,LRP6,Secreted Signaling
960,WNT3A,LRP6,Secreted Signaling
961,WNT3A,LRP6,Secreted Signaling
962,WNT3A,LRP6,Secreted Signaling
963,WNT3A,LRP6,Secreted Signaling
964,WNT3A,LRP6,Secreted Signaling
965,WNT3A,LRP6,Secreted Signaling
966,WNT3A,LRP6,Secreted Signaling
967,WNT3A,LRP6,Secreted Signaling
968,WNT3A,LRP6,Secreted Signaling
969,WNT3,LRP6,Secreted Signaling
970,WNT3,LRP6,Secreted Signaling
971,WNT3,LRP6,Secreted Signaling
972,WNT3,LRP6,Secreted Signaling
973,WNT3,LRP6,Secreted Signaling
974,WNT3,LRP6,Secreted Signaling
975,WNT3,LRP6,Secreted Signaling
976,WNT3,LRP6,Secreted Signaling
977,WNT3,LRP6,Secreted Signaling
978,WNT3,LRP6,Secreted Signaling
979,WNT5A,FZD1,Secreted Signaling
980,WNT5A,FZD2,Secreted Signaling
981,WNT5A,FZD4,Secreted Signaling
982,WNT5A,FZD5,Secreted Signaling
983,WNT5A,FZD6,Secreted Signaling
984,WNT5A,FZD7,Secreted Signaling
985,WNT5A,FZD8,Secreted Signaling
986,WNT5A,MCAM,Secreted Signaling
987,WNT7A,LRP6,Secreted Signaling
988,WNT7A,LRP6,Secreted Signaling
989,WNT7A,LRP6,Secreted Signaling
990,WNT7A,LRP6,Secreted Signaling
991,WNT7A,LRP6,Secreted Signaling
992,WNT7A,LRP6,Secreted Signaling
993,WNT7A,LRP6,Secreted Signaling
994,WNT7A,LRP6,Secreted Signaling
995,WNT7A,LRP6,Secreted Signaling
996,WNT7A,LRP6,Secreted Signaling
997,WNT7B,LRP5,Secreted Signaling
998,WNT7B,LRP5,Secreted Signaling
999,WNT7B,LRP5,Secreted Signaling
1000,WNT7B,LRP5,Secreted Signaling
1001,WNT7B,LRP5,Secreted Signaling
1002,WNT7B,LRP5,Secreted Signaling
1003,WNT7B,LRP5,Secreted Signaling
1004,WNT7B,LRP5,Secreted Signaling
1005,WNT7B,LRP5,Secreted Signaling
1006,WNT7B,LRP5,Secreted Signaling
1007,WNT8A,LRP5,Secreted Signaling
1008,WNT8A,LRP5,Secreted Signaling
1009,WNT8A,LRP5,Secreted Signaling
1010,WNT8A,LRP5,Secreted Signaling
1011,WNT8A,LRP5,Secreted Signaling
1012,WNT8A,LRP5,Secreted Signaling
1013,WNT8A,LRP5,Secreted Signaling
1014,WNT8A,LRP5,Secreted Signaling
1015,WNT8A,LRP5,Secreted Signaling
1016,WNT8A,LRP5,Secreted Signaling
1017,WNT8B,LRP5,Secreted Signaling
1018,WNT8B,LRP5,Secreted Signaling
1019,WNT8B,LRP5,Secreted Signaling
1020,WNT8B,LRP5,Secreted Signaling
1021,WNT8B,LRP5,Secreted Signaling
1022,WNT8B,LRP5,Secreted Signaling
1023,WNT8B,LRP5,Secreted Signaling
1024,WNT8B,LRP5,Secreted Signaling
1025,WNT8B,LRP5,Secreted Signaling
1026,WNT8B,LRP5,Secreted Signaling
1027,XCL1,XCR1,Secreted Signaling
1028,XCL2,XCR1,Secreted Signaling
1029,CD6,ALCAM,Cell-Cell Contact
1030,CD48,CD244,Cell-Cell Contact
1031,HLA-F,KIR3DL1,Cell-Cell Contact
1032,DLK1,NOTCH1,Cell-Cell Contact
1033,DLL3,NOTCH1,Cell-Cell Contact
1034,DLK1,NOTCH2,Cell-Cell Contact
1035,DLL3,NOTCH2,Cell-Cell Contact
1036,DLL4,NOTCH2,Cell-Cell Contact
1037,DLK1,NOTCH3,Cell-Cell Contact
1038,DLL3,NOTCH3,Cell-Cell Contact
1039,DLL4,NOTCH3,Cell-Cell Contact
1040,DLK1,NOTCH4,Cell-Cell Contact
1041,DLL3,NOTCH4,Cell-Cell Contact
1042,CD22,PTPRC,Cell-Cell Contact
1043,DSC2,DSG2,Cell-Cell Contact
1044,DSC2,DSG1,Cell-Cell Contact
1045,DSC1,DSG1,Cell-Cell Contact
1046,DSC1,DSG2,Cell-Cell Contact
1047,NECTIN1,NECTIN3,Cell-Cell Contact
1048,ICAM1,SPN,Cell-Cell Contact
1049,FCER2,CR2,Cell-Cell Contact
1050,WNT5A,FZD3,Secreted Signaling
1051,CD99,PILRA,Cell-Cell Contact
1052,HLA-F,KIR3DL2,Cell-Cell Contact
1053,HLA-F,LILRB1,Cell-Cell Contact
